Student Name,Student ID,Attendance Percentage,Previous Exam Score,Previous Semester Score,Assignment Score,Internal Assessment Score,Study Hours per Day,Class Participation Percentage,Sleep Hours per Day,Final Exam Score
Student_1,1001,90.0,52.1,61.6,87.7,89.7,3.8,74.8,10.0,72.2
Student_2,1002,83.6,64.7,67.4,90.7,59.2,4.0,58.3,7.0,70.9
Student_3,1003,91.5,70.0,63.7,85.0,74.7,4.1,80.4,6.5,74.6
Student_4,1004,100.0,97.7,68.4,60.6,77.6,5.4,61.1,6.2,82.0
Student_5,1005,82.7,81.7,72.4,78.4,78.2,2.9,81.2,7.6,77.3
Student_6,1006,82.7,59.0,85.0,68.4,79.8,2.7,65.9,7.6,73.0
Student_7,1007,100.0,80.8,71.1,78.0,84.1,5.9,44.2,8.4,81.6
Student_8,1008,92.7,56.4,56.0,89.8,77.6,3.3,55.3,5.6,67.6
Student_9,1009,80.3,88.0,88.7,83.1,74.3,2.1,63.5,6.5,80.5
Student_10,1010,90.4,69.3,65.0,91.5,73.9,3.3,90.5,10.0,76.5
Student_11,1011,80.4,73.9,74.3,83.4,71.9,3.5,83.5,7.3,76.0
Student_12,1012,80.3,90.9,80.4,67.0,85.9,6.3,94.4,6.7,84.5
Student_13,1013,87.4,59.6,77.4,54.8,71.5,5.4,94.8,5.6,72.9
Student_14,1014,65.9,58.2,88.1,81.5,86.5,5.7,62.0,7.8,75.9
Student_15,1015,67.8,68.0,80.7,77.9,78.2,5.2,67.2,8.5,75.8
Student_16,1016,79.4,87.5,64.7,70.2,72.8,5.4,63.8,8.3,77.1
Student_17,1017,74.9,56.8,100.0,63.0,84.2,3.0,59.9,6.6,74.4
Student_18,1018,88.1,41.0,77.3,72.7,70.7,3.7,42.4,7.5,66.7
Student_19,1019,75.9,69.6,73.2,78.1,84.4,2.5,69.8,9.5,74.1
Student_20,1020,70.9,81.6,86.6,86.7,80.1,3.7,50.7,8.6,79.9
Student_21,1021,99.7,89.4,78.0,81.9,72.0,5.0,69.5,5.8,83.6
Student_22,1022,82.7,69.4,79.8,96.1,83.3,4.2,100.0,4.0,78.8
Student_23,1023,85.7,70.1,100.0,69.6,83.5,6.0,62.4,7.4,83.6
Student_24,1024,70.8,88.8,71.7,88.8,89.6,2.3,72.9,8.2,78.7
Student_25,1025,79.6,52.6,71.2,80.5,87.7,4.8,83.6,5.4,71.3
Student_26,1026,86.1,70.3,76.4,86.9,82.9,2.1,74.2,7.0,76.0
Student_27,1027,73.5,77.3,87.9,75.6,66.7,4.1,74.4,6.6,77.7
Student_28,1028,88.8,80.4,56.9,90.7,100.0,5.1,64.6,7.2,78.6
Student_29,1029,79.0,68.9,51.4,83.0,64.0,3.7,66.5,6.2,66.8
Student_30,1030,82.1,75.4,68.0,73.2,87.5,4.8,55.6,8.9,76.3
Student_31,1031,79.0,45.1,55.4,79.9,82.3,2.6,82.7,7.2,63.4
Student_32,1032,100.0,67.1,69.9,77.6,66.3,1.5,43.9,5.7,70.2
Student_33,1033,84.9,80.4,81.0,84.9,76.8,4.8,84.6,8.4,82.5
Student_34,1034,74.4,63.2,64.3,68.2,77.2,6.6,48.9,5.1,69.1
Student_35,1035,93.2,75.7,57.9,79.7,91.1,2.5,84.4,8.9,75.6
Student_36,1036,72.8,80.4,75.8,84.0,70.9,5.8,64.7,8.5,78.8
Student_37,1037,87.1,70.9,85.4,80.3,75.4,4.1,51.5,9.1,78.9
Student_38,1038,65.4,77.0,54.7,93.5,54.6,2.0,78.7,6.8,66.9
Student_39,1039,71.7,63.4,84.8,87.7,95.3,2.3,83.9,6.3,75.8
Student_40,1040,87.0,72.5,84.8,79.9,67.3,4.0,63.4,7.1,77.8
Student_41,1041,92.4,82.3,86.4,82.2,81.3,3.4,80.8,6.9,83.3
Student_42,1042,86.7,76.9,89.6,83.0,77.0,2.0,35.7,6.0,77.5
Student_43,1043,83.8,68.0,100.0,84.0,77.0,1.5,50.2,6.2,77.8
Student_44,1044,82.0,77.7,70.7,61.7,86.1,2.7,89.4,6.5,74.6
Student_45,1045,70.2,83.6,76.3,77.0,94.7,4.3,66.6,5.2,77.9
Student_46,1046,77.8,50.4,70.0,65.2,80.5,4.0,42.1,8.0,66.4
Student_47,1047,80.4,88.9,75.0,92.8,84.6,3.2,59.5,6.9,80.3
Student_48,1048,95.6,71.0,93.4,79.4,81.3,4.3,56.1,6.5,81.9
Student_49,1049,88.4,80.1,58.9,78.1,88.2,5.6,67.5,5.3,76.2
Student_50,1050,67.4,89.4,64.7,89.0,73.4,4.6,64.4,5.3,75.3
Student_51,1051,88.2,58.5,91.5,84.2,88.8,3.8,72.7,9.9,80.5
Student_52,1052,81.1,66.5,87.2,68.7,89.1,5.4,69.0,6.1,78.3
Student_53,1053,78.2,71.5,70.6,79.3,88.8,2.6,90.4,7.9,75.1
Student_54,1054,91.1,65.6,85.3,76.6,71.4,3.7,76.4,7.2,77.3
Student_55,1055,95.3,95.8,79.1,62.6,76.3,3.7,76.9,4.0,81.5
Student_56,1056,94.3,64.7,93.0,73.1,80.4,2.1,87.5,9.7,80.2
Student_57,1057,76.6,68.3,75.9,78.2,64.3,3.4,64.2,8.0,72.4
Student_58,1058,81.9,77.5,87.3,78.9,93.9,0.9,51.1,5.8,77.1
Student_59,1059,88.3,60.6,100.0,65.2,77.9,6.9,88.1,7.0,82.5
Student_60,1060,94.8,70.3,82.2,91.5,80.8,2.6,72.0,5.3,78.4
Student_61,1061,80.2,78.8,75.6,79.0,72.2,6.4,72.1,9.7,80.7
Student_62,1062,83.1,71.0,83.7,80.4,64.7,4.1,60.5,5.6,75.5
Student_63,1063,73.9,73.9,70.6,84.0,72.0,4.8,60.7,6.2,73.8
Student_64,1064,73.0,68.6,100.0,72.1,80.2,3.3,82.7,5.9,78.8
Student_65,1065,93.1,56.8,77.2,84.6,84.7,4.3,84.8,7.1,76.5
Student_66,1066,98.6,78.9,71.7,76.3,79.6,5.0,81.8,9.1,81.6
Student_67,1067,84.3,96.1,65.0,71.0,81.5,5.0,81.9,9.7,82.2
Student_68,1068,95.0,75.2,88.2,85.7,74.6,5.2,78.5,6.4,83.3
Student_69,1069,88.6,77.7,85.4,94.9,83.0,3.4,72.0,7.6,82.6
Student_70,1070,78.5,83.3,69.0,87.2,92.8,3.3,67.4,7.1,78.1
Student_71,1071,88.6,59.8,81.9,89.2,85.0,1.6,88.2,5.5,74.9
Student_72,1072,100.0,95.4,56.9,74.8,86.1,4.8,64.4,10.0,82.3
Student_73,1073,84.6,77.4,77.2,64.0,80.9,5.6,75.5,9.0,79.6
Student_74,1074,100.0,94.6,80.4,94.9,63.0,6.4,57.9,7.3,87.4
Student_75,1075,58.8,66.2,95.5,100.0,67.6,4.5,60.1,9.4,78.2
Student_76,1076,93.2,96.8,65.8,95.4,82.5,2.9,66.5,8.8,83.1
Student_77,1077,85.9,84.3,59.7,76.6,77.9,1.5,57.9,7.1,72.3
Student_78,1078,82.0,81.6,64.3,68.5,82.4,5.6,82.0,7.5,77.3
Student_79,1079,85.9,77.8,59.0,69.3,94.8,1.3,49.8,9.3,72.0
Student_80,1080,65.1,72.0,91.0,63.2,85.3,3.5,71.5,5.6,75.3
Student_81,1081,82.8,89.4,93.6,78.9,90.6,3.7,72.0,9.5,87.1
Student_82,1082,88.6,76.7,78.8,96.1,78.9,3.9,42.8,6.7,79.0
Student_83,1083,99.8,51.4,89.7,78.6,69.9,4.1,63.4,9.3,76.9
Student_84,1084,79.8,61.6,76.6,83.0,77.4,4.2,73.8,7.0,74.0
Student_85,1085,76.9,72.8,73.9,93.8,70.0,0.4,76.4,7.5,72.6
Student_86,1086,80.0,78.7,71.0,76.0,93.6,4.0,66.9,6.9,77.2
Student_87,1087,94.2,74.3,71.3,100.0,85.9,0.7,80.2,6.2,76.9
Student_88,1088,88.3,89.6,56.4,99.9,83.2,5.1,68.4,6.6,79.8
Student_89,1089,79.7,51.6,78.2,78.7,90.4,3.2,70.2,9.1,72.6
Student_90,1090,90.1,76.7,74.5,74.2,57.8,0.8,73.8,4.0,71.1
Student_91,1091,86.0,53.2,83.9,87.0,83.9,2.8,83.9,5.1,73.7
Student_92,1092,94.7,84.1,76.1,76.5,64.9,3.1,59.9,5.9,77.4
Student_93,1093,78.0,73.9,73.0,68.4,77.9,5.8,62.7,5.4,74.6
Student_94,1094,81.7,80.0,64.5,92.8,74.9,4.3,60.0,9.3,77.0
Student_95,1095,81.1,64.6,75.9,92.2,84.6,4.5,65.0,8.9,77.1
Student_96,1096,70.4,90.4,83.9,81.6,80.3,5.8,91.4,7.9,84.7
Student_97,1097,88.0,87.5,61.3,67.4,91.5,3.9,78.6,6.0,77.1
Student_98,1098,87.6,82.0,76.0,67.7,72.0,5.1,53.0,9.0,78.9
Student_99,1099,85.1,73.4,77.8,81.1,85.1,5.0,61.0,4.6,77.5
Student_100,1100,82.7,82.0,66.4,75.0,79.6,2.1,75.6,10.0,75.8
Student_101,1101,70.8,66.5,67.9,76.6,61.6,6.2,56.4,6.0,70.0
Student_102,1102,80.8,85.3,77.8,90.2,68.8,1.9,59.1,6.6,76.9
Student_103,1103,81.6,94.8,61.4,87.3,76.5,5.4,90.2,6.4,80.7
Student_104,1104,77.0,87.8,79.2,93.8,89.1,1.7,60.8,5.4,79.1
Student_105,1105,83.4,66.2,64.3,70.1,82.6,4.9,84.3,9.9,74.5
Student_106,1106,89.0,79.3,87.8,76.6,66.3,6.8,88.8,8.2,84.8
Student_107,1107,100.0,59.5,100.0,87.6,76.6,3.7,59.0,8.8,82.3
Student_108,1108,86.7,81.9,64.7,84.5,98.2,3.6,56.7,5.2,77.0
Student_109,1109,87.6,80.4,81.4,95.3,79.1,4.9,65.9,7.3,82.9
Student_110,1110,84.3,52.6,66.3,84.2,74.7,3.5,53.7,7.8,68.4
Student_111,1111,65.8,61.1,87.5,98.5,82.9,6.7,71.8,7.4,79.2
Student_112,1112,84.7,71.6,59.8,85.4,85.6,4.3,66.9,5.3,72.9
Student_113,1113,85.6,71.4,80.8,90.6,73.4,3.5,75.4,8.6,78.9
Student_114,1114,100.0,60.5,64.5,76.8,83.0,3.2,91.0,7.2,73.6
Student_115,1115,83.1,79.7,72.5,80.1,74.7,2.6,82.3,5.6,75.6
Student_116,1116,88.0,78.0,62.6,89.1,85.2,3.1,77.3,4.2,74.9
Student_117,1117,84.7,72.7,84.9,96.1,79.7,3.5,40.5,7.9,79.2
Student_118,1118,73.3,65.9,65.0,87.3,82.8,3.3,76.7,10.0,72.9
Student_119,1119,96.4,87.6,81.6,79.2,70.4,3.0,95.8,5.5,82.3
Student_120,1120,92.5,94.9,70.9,93.8,69.8,7.1,24.8,7.3,83.7
Student_121,1121,92.9,69.2,73.6,58.1,87.5,2.5,80.3,8.7,75.0
Student_122,1122,75.9,67.7,76.8,65.8,77.2,4.2,67.6,5.1,71.9
Student_123,1123,99.0,80.9,65.9,86.8,80.9,4.9,57.3,6.3,79.2
Student_124,1124,71.0,70.7,77.5,80.1,74.9,4.9,82.0,5.7,75.0
Student_125,1125,90.9,73.3,93.4,86.1,87.0,3.9,95.6,8.5,85.6
Student_126,1126,100.0,83.9,65.7,80.6,71.9,3.6,81.6,9.0,79.8
Student_127,1127,75.1,52.1,89.1,85.7,76.6,4.7,64.4,7.2,74.3
Student_128,1128,79.3,90.8,93.0,71.9,85.9,4.4,55.8,5.7,83.6
Student_129,1129,86.0,75.9,65.2,85.7,89.7,3.6,72.2,6.3,76.2
Student_130,1130,80.0,70.1,57.5,89.9,72.8,1.7,83.1,6.1,69.1
Student_131,1131,69.5,73.9,78.6,92.2,97.6,3.3,64.2,5.5,76.8
Student_132,1132,85.7,74.5,68.4,100.0,81.1,2.3,65.6,6.8,75.7
Student_133,1133,74.4,54.2,97.4,82.4,67.6,3.0,100.0,7.9,76.0
Student_134,1134,89.7,92.9,75.4,82.7,81.7,4.0,86.2,7.7,84.1
Student_135,1135,75.8,75.5,65.4,64.8,74.2,4.5,87.3,7.0,72.9
Student_136,1136,100.0,80.3,61.2,74.7,82.3,6.7,48.1,7.1,78.7
Student_137,1137,77.2,86.4,88.1,78.1,77.6,3.2,59.4,6.9,80.4
Student_138,1138,81.8,62.7,68.1,90.5,78.7,5.2,71.1,5.1,73.2
Student_139,1139,93.1,80.7,75.5,73.9,68.9,4.5,55.0,7.2,78.2
Student_140,1140,72.7,71.8,86.5,88.0,87.9,5.9,94.0,6.1,81.7
Student_141,1141,87.3,85.2,69.2,80.0,66.4,4.9,91.2,5.0,78.3
Student_142,1142,98.1,49.5,74.4,78.2,66.9,2.5,62.0,7.6,69.6
Student_143,1143,68.9,73.8,74.8,82.5,81.7,1.4,96.8,6.1,73.2
Student_144,1144,86.8,67.8,83.2,76.1,94.0,4.5,69.9,7.3,79.5
Student_145,1145,87.6,80.2,82.1,75.7,74.5,3.2,100.0,8.3,81.1
Student_146,1146,92.8,80.6,72.4,63.0,85.0,2.5,72.2,5.6,75.9
Student_147,1147,72.6,66.5,75.8,77.5,88.7,2.1,78.6,7.1,72.6
Student_148,1148,71.8,66.5,70.5,75.2,86.1,4.2,91.0,4.3,72.0
Student_149,1149,90.2,73.7,57.3,74.8,74.9,6.3,89.2,9.3,76.7
Student_150,1150,88.0,64.2,78.1,84.2,67.1,3.4,77.7,5.0,73.7
Student_151,1151,87.5,85.1,97.7,86.6,55.9,4.9,67.9,6.2,84.5
Student_152,1152,88.5,70.6,64.4,82.3,75.4,3.8,77.7,9.0,75.0
Student_153,1153,78.2,40.1,65.7,90.0,89.8,2.1,57.8,6.6,64.5
Student_154,1154,87.3,70.5,64.6,85.8,66.8,5.1,72.3,5.2,73.5
Student_155,1155,87.9,62.5,83.7,77.0,85.0,2.4,53.4,8.1,75.0
Student_156,1156,77.9,55.4,80.4,75.4,68.5,4.0,43.3,8.0,70.2
Student_157,1157,100.0,60.2,73.1,83.1,79.1,3.5,70.8,6.1,74.7
Student_158,1158,89.7,76.3,64.0,85.7,85.1,5.3,88.9,6.2,78.5
Student_159,1159,73.1,90.9,76.1,94.0,71.4,2.4,83.9,6.3,79.0
Student_160,1160,91.6,78.8,56.2,91.9,79.7,4.6,68.8,6.7,76.1
Student_161,1161,75.3,67.7,76.7,74.6,73.8,2.7,96.2,4.2,71.9
Student_162,1162,92.9,80.5,85.5,79.0,85.1,3.2,61.5,6.7,81.4
Student_163,1163,96.6,69.5,60.0,86.7,80.4,0.0,41.2,9.7,70.5
Student_164,1164,76.8,66.7,56.6,90.7,78.6,7.1,37.3,5.7,71.1
Student_165,1165,94.6,61.1,94.0,89.4,93.6,4.8,52.3,6.1,81.7
Student_166,1166,89.1,54.0,67.7,79.4,84.6,2.8,82.2,5.2,69.7
Student_167,1167,93.2,70.3,88.6,67.5,71.1,2.3,60.5,7.9,76.8
Student_168,1168,100.0,76.9,73.2,70.0,77.1,3.3,76.9,8.8,78.8
Student_169,1169,82.5,73.8,73.1,82.7,77.2,5.1,94.7,8.8,79.4
Student_170,1170,77.5,70.0,80.3,83.4,78.8,1.2,53.5,5.1,71.8
Student_171,1171,76.1,63.7,64.4,69.0,100.0,3.8,77.2,7.7,71.8
Student_172,1172,76.8,82.3,76.6,80.4,81.7,6.7,78.1,9.2,82.7
Student_173,1173,84.2,59.2,70.4,86.3,57.6,2.3,57.1,7.8,68.4
Student_174,1174,88.4,84.3,59.2,68.5,72.6,4.1,90.3,7.7,75.7
Student_175,1175,87.8,63.0,79.0,91.0,58.7,7.3,65.7,6.3,77.4
Student_176,1176,93.3,66.0,71.8,76.2,74.7,4.9,64.2,7.3,75.3
Student_177,1177,85.1,57.4,73.1,92.6,58.1,4.2,100.0,8.9,74.2
Student_178,1178,99.5,69.0,60.5,74.7,69.3,4.8,77.8,7.5,74.3
Student_179,1179,82.4,86.7,94.1,69.7,62.8,3.4,83.9,5.1,80.9
Student_180,1180,100.0,81.2,85.5,75.4,81.8,5.9,90.3,6.3,86.0
Student_181,1181,91.3,86.7,86.6,79.0,78.0,3.4,60.2,8.8,83.5
Student_182,1182,76.4,81.3,71.3,76.1,81.0,1.1,88.7,7.5,74.7
Student_183,1183,74.3,61.8,54.2,77.8,77.0,3.4,62.5,7.2,65.8
Student_184,1184,89.8,71.0,98.4,83.3,64.1,2.5,61.8,6.2,79.3
Student_185,1185,82.8,65.6,74.3,78.3,83.1,3.6,65.9,8.8,74.8
Student_186,1186,92.1,91.0,66.0,79.3,97.2,3.6,60.7,9.5,82.1
Student_187,1187,89.7,60.6,80.0,62.9,82.1,5.8,82.3,8.9,77.5
Student_188,1188,84.3,85.7,89.0,83.9,73.7,5.0,74.0,9.2,85.4
Student_189,1189,76.5,85.7,74.7,79.1,63.7,4.4,62.6,6.5,76.6
Student_190,1190,69.9,97.0,90.3,96.1,68.9,4.0,80.1,6.2,84.9
Student_191,1191,80.5,70.1,88.0,70.6,82.5,2.4,65.9,6.8,76.1
Student_192,1192,93.6,83.5,62.1,61.9,88.7,0.7,65.1,7.1,73.1
Student_193,1193,87.1,100.0,66.9,86.2,80.6,4.2,70.7,9.1,83.7
Student_194,1194,72.5,67.6,86.5,83.5,86.0,5.2,77.0,8.7,79.8
Student_195,1195,86.7,56.6,42.4,69.9,85.1,3.8,75.8,7.8,64.7
Student_196,1196,88.9,52.4,73.2,64.7,83.1,3.2,64.6,4.9,68.3
Student_197,1197,76.2,83.6,57.8,95.4,71.4,4.7,82.7,4.5,74.6
Student_198,1198,86.5,52.4,69.3,94.1,79.7,3.9,66.7,7.4,71.7
Student_199,1199,85.6,70.5,71.4,55.1,69.5,6.5,60.2,8.3,74.4
Student_200,1200,73.6,80.2,70.7,75.4,78.2,5.8,48.0,6.9,75.7
Student_201,1201,88.6,77.2,68.4,96.6,81.3,5.4,84.7,9.9,82.0
Student_202,1202,90.6,80.1,61.8,75.2,94.8,5.1,70.2,5.4,77.3
Student_203,1203,95.8,77.7,100.0,75.1,64.9,2.1,73.2,5.2,81.1
Student_204,1204,95.5,90.3,97.4,77.2,82.8,5.0,85.7,6.0,89.5
Student_205,1205,71.2,63.6,61.1,68.8,92.8,4.6,62.8,5.9,68.7
Student_206,1206,75.6,66.9,94.0,63.0,85.6,4.9,49.4,7.8,77.7
Student_207,1207,90.2,65.7,70.2,90.5,86.3,4.7,71.0,6.4,76.7
Student_208,1208,90.1,85.0,76.6,61.6,83.9,4.7,74.6,4.7,79.3
Student_209,1209,90.2,85.8,74.2,82.5,91.0,8.1,66.1,8.3,86.4
Student_210,1210,100.0,80.4,67.1,88.9,67.1,3.9,92.1,4.4,78.2
Student_211,1211,90.7,89.2,86.8,65.5,64.1,5.4,32.7,5.4,80.3
Student_212,1212,96.4,60.9,76.5,70.8,77.9,3.3,86.8,4.6,73.6
Student_213,1213,94.5,95.0,69.3,92.1,56.4,5.2,81.9,7.3,83.1
Student_214,1214,91.5,93.3,59.3,85.3,90.3,5.4,76.9,7.3,82.2
Student_215,1215,81.8,83.8,64.3,73.8,90.2,4.5,20.0,9.9,76.1
Student_216,1216,92.6,96.4,55.3,92.0,73.7,6.5,89.3,8.4,83.5
Student_217,1217,77.3,55.1,75.1,92.1,74.3,2.7,54.6,9.2,70.8
Student_218,1218,82.6,68.7,60.6,82.7,77.3,3.3,62.4,7.4,70.8
Student_219,1219,80.1,66.2,71.8,71.0,78.5,4.3,67.4,5.5,71.9
Student_220,1220,85.8,83.7,91.4,75.9,79.3,5.3,76.1,7.2,84.9
Student_221,1221,100.0,62.4,89.4,82.9,83.6,4.3,79.6,7.9,81.7
Student_222,1222,66.3,84.1,74.6,78.1,76.3,5.9,83.4,8.1,79.1
Student_223,1223,91.9,91.4,74.0,89.4,87.4,3.0,82.2,6.3,83.1
Student_224,1224,68.9,83.3,97.6,64.7,82.5,2.3,73.8,7.7,80.1
Student_225,1225,80.3,78.4,81.2,65.1,71.9,4.5,76.2,5.6,76.8
Student_226,1226,95.9,63.1,71.1,81.8,91.4,3.9,53.6,5.4,74.6
Student_227,1227,85.6,64.8,57.9,75.1,64.4,4.8,58.7,5.3,67.8
Student_228,1228,74.2,90.0,79.7,73.7,77.1,4.0,83.4,7.0,80.2
Student_229,1229,77.8,84.4,85.0,62.3,87.7,3.5,82.6,5.2,79.3
Student_230,1230,91.8,74.5,67.4,80.2,70.8,3.9,80.9,6.4,75.4
Student_231,1231,77.7,70.0,78.5,79.5,81.1,4.0,62.3,8.4,76.1
Student_232,1232,87.2,50.7,70.6,86.5,83.4,3.5,83.7,5.5,70.9
Student_233,1233,85.5,62.1,72.8,80.7,69.4,3.7,52.6,6.2,71.0
Student_234,1234,78.5,97.9,45.1,78.7,77.3,3.4,86.2,7.1,74.4
Student_235,1235,100.0,59.6,72.3,91.8,76.4,5.3,66.1,7.4,77.1
Student_236,1236,91.3,77.3,86.6,66.9,72.5,4.3,95.3,6.3,80.9
Student_237,1237,64.7,87.1,67.4,85.4,100.0,7.4,47.2,8.2,80.7
Student_238,1238,86.9,59.9,75.6,63.3,70.4,4.2,96.5,7.9,73.2
Student_239,1239,78.4,77.2,65.9,71.6,88.0,3.2,64.6,8.7,74.2
Student_240,1240,93.5,86.3,79.3,67.9,74.1,8.0,64.3,6.9,84.4
Student_241,1241,77.1,75.1,72.4,87.8,67.1,4.6,72.9,6.2,75.2
Student_242,1242,83.9,100.0,63.7,79.3,79.0,5.5,59.5,6.0,80.8
Student_243,1243,90.0,55.0,91.0,79.9,84.5,4.9,68.9,7.5,78.6
Student_244,1244,93.7,87.7,86.1,68.9,87.2,4.9,58.9,6.4,84.2
Student_245,1245,73.0,72.9,67.7,77.0,93.6,4.8,59.5,6.1,74.0
Student_246,1246,81.7,84.3,81.0,72.4,100.0,2.3,77.3,6.3,80.1
Student_247,1247,80.3,80.3,81.4,83.8,80.5,4.6,56.5,6.0,79.3
Student_248,1248,78.5,66.2,82.7,70.1,71.4,2.0,58.5,7.3,71.7
Student_249,1249,100.0,77.7,54.7,93.3,82.5,3.7,49.4,4.9,74.4
Student_250,1250,89.0,52.7,87.1,63.2,75.3,2.9,62.4,7.5,71.9
Student_251,1251,72.4,82.2,68.2,71.9,87.3,4.5,89.7,8.0,77.3
Student_252,1252,94.2,78.6,70.7,96.8,65.0,4.5,57.3,6.1,78.1
Student_253,1253,100.0,82.7,100.0,75.6,100.0,4.7,59.0,9.9,90.8
Student_254,1254,95.3,87.7,78.6,66.9,86.6,4.4,72.9,7.0,82.8
Student_255,1255,69.8,79.4,70.4,82.2,61.2,3.1,64.4,4.7,70.9
Student_256,1256,80.2,76.8,48.5,75.2,70.9,3.6,100.0,6.6,69.8
Student_257,1257,97.7,64.4,91.7,71.6,86.2,5.4,67.6,7.1,81.8
Student_258,1258,77.9,66.5,58.9,69.0,89.8,5.6,75.0,7.7,72.2
Student_259,1259,89.4,89.2,63.0,100.0,65.3,2.3,84.2,6.6,77.8
Student_260,1260,92.7,92.2,71.0,77.5,85.1,1.7,83.9,5.5,79.7
Student_261,1261,75.7,72.1,92.0,60.7,58.5,2.9,73.5,5.4,73.5
Student_262,1262,84.4,75.6,84.3,94.9,77.1,5.6,67.6,6.0,81.9
Student_263,1263,52.6,64.1,73.1,86.1,89.1,5.8,100.0,6.2,73.6
Student_264,1264,74.8,89.1,78.7,72.3,72.5,2.6,68.5,5.3,76.3
Student_265,1265,82.5,83.0,67.8,70.7,62.9,4.5,63.4,5.9,74.1
Student_266,1266,72.5,98.3,76.7,86.7,79.5,6.8,60.3,8.0,85.0
Student_267,1267,100.0,64.5,75.9,77.5,72.0,4.6,44.1,9.5,76.5
Student_268,1268,70.7,70.5,86.6,60.7,84.3,6.1,82.3,8.1,78.7
Student_269,1269,80.6,77.8,86.6,97.9,69.1,5.5,34.8,9.0,81.7
Student_270,1270,86.3,82.8,80.9,75.7,70.3,2.6,69.9,8.5,78.8
Student_271,1271,99.4,72.4,70.7,95.0,57.8,3.7,66.9,8.2,77.1
Student_272,1272,70.6,64.5,83.9,92.8,79.7,4.1,100.0,6.5,77.3
Student_273,1273,96.6,85.6,73.9,70.0,76.4,4.2,42.5,7.2,79.1
Student_274,1274,85.1,83.7,62.0,90.3,66.1,5.4,56.5,6.4,76.2
Student_275,1275,75.2,64.0,70.2,73.5,79.9,4.6,68.0,6.7,71.6
Student_276,1276,89.6,91.3,76.0,61.3,88.3,0.0,67.0,7.1,77.1
Student_277,1277,87.0,89.0,85.9,75.8,75.8,2.0,61.8,8.1,81.0
Student_278,1278,79.0,76.6,72.8,84.0,80.7,0.7,68.8,7.6,73.6
Student_279,1279,85.7,76.0,60.5,75.4,80.7,4.3,51.1,6.8,72.8
Student_280,1280,81.1,81.6,75.7,76.9,66.0,4.4,75.4,7.1,77.5
Student_281,1281,86.1,64.7,76.4,91.4,98.6,4.4,35.2,7.7,77.2
Student_282,1282,91.6,75.4,77.2,81.1,73.3,2.6,69.6,8.0,77.3
Student_283,1283,100.0,49.2,86.0,71.6,84.6,5.0,61.0,4.7,74.8
Student_284,1284,72.6,85.5,87.2,87.0,85.7,5.1,85.2,5.4,83.3
Student_285,1285,100.0,56.3,67.9,82.0,76.6,2.1,96.3,8.7,73.1
Student_286,1286,65.5,93.0,67.6,54.8,84.1,1.8,65.0,6.9,72.3
Student_287,1287,83.5,71.0,62.5,84.3,80.5,4.0,90.9,6.4,74.2
Student_288,1288,90.9,72.5,83.4,83.9,63.8,6.7,65.3,6.6,80.5
Student_289,1289,87.8,67.5,92.4,80.2,74.7,6.5,55.5,6.6,81.2
Student_290,1290,78.8,71.5,71.2,88.9,71.9,4.8,96.2,7.8,77.0
Student_291,1291,82.9,92.0,72.1,73.3,73.4,2.9,77.8,5.3,77.6
Student_292,1292,80.1,45.1,92.6,83.4,65.0,5.3,70.1,7.0,73.6
Student_293,1293,79.1,90.3,81.1,64.3,89.3,3.3,80.3,7.4,81.1
Student_294,1294,93.5,79.1,80.2,84.1,94.0,2.8,74.1,7.6,81.9
Student_295,1295,88.6,60.5,60.7,99.5,87.8,0.8,69.0,7.3,70.2
Student_296,1296,78.1,62.1,83.1,70.1,90.7,4.2,50.1,7.8,74.7
Student_297,1297,94.0,95.1,63.9,72.4,74.6,3.1,65.9,6.1,78.0
Student_298,1298,88.1,63.7,61.4,72.9,71.6,4.1,79.3,5.6,69.8
Student_299,1299,93.1,61.2,70.8,81.3,70.2,0.6,68.2,10.0,71.1
Student_300,1300,91.3,88.6,68.0,69.4,84.4,4.3,83.5,6.5,79.9
Student_301,1301,76.7,79.1,72.3,84.2,80.3,0.4,75.8,6.7,73.3
Student_302,1302,79.4,63.7,57.7,88.5,77.2,5.6,56.8,8.0,71.3
Student_303,1303,92.5,77.6,86.5,85.3,91.0,4.8,50.2,9.4,84.6
Student_304,1304,91.1,62.7,88.5,62.3,82.0,3.6,67.6,6.2,76.0
Student_305,1305,84.8,88.2,51.6,90.0,69.6,4.8,62.1,5.5,74.3
Student_306,1306,86.2,87.7,86.7,89.4,71.2,2.5,75.0,5.1,81.4
Student_307,1307,97.8,81.4,65.3,88.3,84.8,4.1,59.2,9.4,80.5
Student_308,1308,79.1,79.3,85.3,83.7,88.4,5.2,60.8,5.4,81.1
Student_309,1309,90.5,96.1,74.2,82.2,83.5,0.0,85.8,7.0,80.5
Student_310,1310,83.0,75.0,75.3,90.3,97.0,3.3,72.2,5.5,78.3
Student_311,1311,82.8,60.8,72.8,99.2,94.4,4.0,59.5,4.8,74.5
Student_312,1312,96.0,80.4,89.5,70.5,82.4,3.7,70.3,6.6,82.7
Student_313,1313,93.3,100.0,60.1,90.8,69.6,6.2,90.7,5.6,83.6
Student_314,1314,93.1,62.8,82.3,79.1,64.9,2.3,74.4,6.0,73.7
Student_315,1315,98.1,70.7,88.2,78.7,74.1,3.1,78.9,10.0,81.8
Student_316,1316,85.2,80.0,83.6,64.6,85.5,1.1,58.7,7.6,76.5
Student_317,1317,91.8,74.4,100.0,77.2,96.3,6.3,85.4,8.4,89.5
Student_318,1318,81.9,63.2,68.7,70.0,82.2,3.6,100.0,8.2,73.1
Student_319,1319,88.2,88.5,86.5,75.4,89.7,3.3,58.1,6.8,83.1
Student_320,1320,83.7,100.0,73.7,69.0,75.5,3.9,52.3,6.3,80.1
Student_321,1321,86.0,77.4,89.8,75.5,84.2,5.0,72.6,7.4,82.9
Student_322,1322,91.0,64.2,74.9,75.9,86.2,4.5,83.1,7.3,77.0
Student_323,1323,76.8,56.4,70.3,81.0,58.2,8.0,68.6,6.1,71.6
Student_324,1324,100.0,78.1,90.7,63.9,73.9,4.7,54.2,7.2,81.9
Student_325,1325,74.9,88.2,69.1,65.5,87.5,3.3,68.4,5.9,75.6
Student_326,1326,72.9,80.7,58.0,83.6,80.7,3.2,79.0,6.7,72.5
Student_327,1327,96.6,75.0,68.8,72.0,66.0,3.4,63.9,6.5,74.0
Student_328,1328,92.9,67.9,82.4,90.7,53.7,1.7,79.1,5.1,74.1
Student_329,1329,91.2,61.9,91.7,82.3,74.3,4.1,87.5,4.0,78.2
Student_330,1330,91.3,85.0,76.3,86.1,77.3,5.2,73.6,5.6,82.0
Student_331,1331,84.9,86.0,90.8,94.1,69.2,3.1,69.6,9.7,84.8
Student_332,1332,76.0,56.5,58.7,76.9,79.4,2.8,82.4,6.5,66.0
Student_333,1333,85.8,94.1,69.7,74.3,83.1,6.3,57.2,8.2,82.8
Student_334,1334,78.2,81.9,71.5,88.7,84.7,1.9,55.7,4.0,74.1
Student_335,1335,94.8,91.8,73.6,85.1,54.4,0.9,66.0,5.5,76.4
Student_336,1336,83.5,58.9,76.0,78.1,64.9,2.3,62.6,5.0,68.5
Student_337,1337,76.7,58.6,83.3,93.9,75.0,1.7,57.9,6.7,71.8
Student_338,1338,81.8,73.2,69.7,77.9,83.7,4.6,97.5,10.0,78.6
Student_339,1339,89.1,81.0,76.7,80.3,82.9,3.5,100.0,7.7,81.4
Student_340,1340,79.4,96.6,74.5,80.2,82.7,3.7,64.7,9.5,82.6
Student_341,1341,76.8,83.5,63.9,70.7,74.2,5.7,71.4,6.6,75.4
Student_342,1342,87.4,72.1,73.6,80.8,74.7,3.0,67.2,9.0,76.0
Student_343,1343,87.4,62.7,73.3,94.0,70.7,5.2,86.6,10.0,78.1
Student_344,1344,79.9,89.8,73.0,84.4,85.7,6.3,89.6,6.8,83.9
Student_345,1345,80.3,63.4,75.4,80.3,68.8,3.3,43.3,6.2,70.2
Student_346,1346,87.3,94.5,75.9,78.4,86.5,5.1,77.1,5.0,83.7
Student_347,1347,70.5,71.6,69.8,83.3,80.1,3.6,50.4,6.5,71.6
Student_348,1348,70.9,94.1,90.3,87.5,77.5,5.4,96.4,7.1,87.0
Student_349,1349,77.8,83.1,61.0,86.1,71.4,1.6,76.6,10.0,73.8
Student_350,1350,82.9,73.4,66.3,76.7,64.4,1.5,57.6,5.1,68.3
Student_351,1351,88.1,68.8,100.0,83.2,71.5,3.4,66.4,7.1,81.1
Student_352,1352,99.8,70.9,62.5,84.8,74.7,2.7,65.7,4.3,72.5
Student_353,1353,93.6,80.1,58.8,69.9,54.3,3.2,77.9,6.4,71.4
Student_354,1354,83.4,75.9,83.8,81.7,76.0,3.7,85.6,7.5,79.9
Student_355,1355,84.8,67.9,50.1,58.4,87.2,5.1,52.8,7.8,68.5
Student_356,1356,75.0,73.0,72.2,84.8,83.7,3.4,97.6,7.9,76.7
Student_357,1357,84.8,75.9,100.0,86.6,73.0,2.8,94.1,7.6,83.9
Student_358,1358,82.1,49.5,56.5,87.5,78.5,3.5,56.9,7.9,65.7
Student_359,1359,88.2,80.5,51.2,76.0,72.4,2.8,71.1,7.1,70.8
Student_360,1360,76.7,63.2,57.0,83.1,79.5,2.6,95.7,5.4,68.0
Student_361,1361,90.2,61.2,85.8,94.2,93.4,1.6,88.5,4.2,77.1
Student_362,1362,100.0,54.8,88.5,94.1,87.7,4.1,64.9,6.2,79.4
Student_363,1363,83.9,53.5,68.8,79.7,83.2,3.1,82.2,6.8,70.0
Student_364,1364,89.0,58.7,83.2,81.4,73.1,5.4,100.0,8.9,79.2
Student_365,1365,91.9,66.5,91.7,91.1,85.5,1.8,71.6,6.8,79.8
Student_366,1366,81.0,98.4,96.4,65.0,61.1,3.2,60.5,6.7,83.1
Student_367,1367,87.2,68.7,72.0,76.8,75.5,6.7,72.6,7.6,77.5
Student_368,1368,85.1,77.1,47.4,93.4,83.8,2.6,73.7,6.6,71.2
Student_369,1369,86.0,79.8,65.1,89.8,85.4,3.6,62.1,8.2,77.4
Student_370,1370,77.3,76.6,69.9,83.7,84.7,2.2,76.6,10.0,76.1
Student_371,1371,85.2,74.1,71.9,64.9,80.9,2.0,51.2,10.0,73.4
Student_372,1372,90.0,60.7,72.7,79.5,76.0,6.3,60.0,7.1,75.3
Student_373,1373,99.5,92.4,88.4,74.1,83.4,4.3,81.4,7.5,88.0
Student_374,1374,94.6,96.7,90.3,83.3,68.5,4.2,43.7,9.4,87.2
Student_375,1375,100.0,54.8,72.9,71.9,69.6,1.5,83.5,6.8,70.1
Student_376,1376,77.3,62.7,88.2,69.7,78.6,4.5,39.8,8.0,74.7
Student_377,1377,93.7,71.6,79.3,59.4,79.7,5.7,44.0,5.3,76.2
Student_378,1378,86.8,63.4,75.8,92.2,59.7,5.7,62.5,6.5,75.0
Student_379,1379,100.0,81.1,85.9,76.0,82.6,5.0,74.3,8.7,85.6
Student_380,1380,76.9,66.3,75.9,81.6,85.7,2.3,89.9,5.9,73.6
Student_381,1381,76.6,100.0,99.7,80.0,77.2,4.5,70.9,6.8,88.6
Student_382,1382,79.0,89.3,57.7,69.3,100.0,5.0,66.3,4.6,76.2
Student_383,1383,63.8,77.6,68.8,67.4,71.2,1.3,78.7,10.0,70.2
Student_384,1384,79.7,87.3,73.5,69.9,74.4,2.3,56.9,8.9,76.1
Student_385,1385,77.4,88.3,80.3,72.8,74.0,5.3,72.1,7.3,81.0
Student_386,1386,86.5,68.2,90.2,83.7,77.2,5.3,52.0,7.8,80.5
Student_387,1387,88.4,65.2,74.7,72.0,74.7,1.7,71.2,7.6,71.9
Student_388,1388,100.0,75.9,57.9,97.5,63.9,5.2,68.1,9.1,77.8
Student_389,1389,94.5,85.3,85.1,90.3,72.5,4.1,57.9,6.2,83.2
Student_390,1390,79.2,76.7,84.1,88.1,77.0,5.2,72.5,8.1,81.5
Student_391,1391,76.0,56.1,51.7,78.8,90.3,3.0,72.4,8.6,66.2
Student_392,1392,89.9,65.4,75.0,95.1,100.0,5.0,87.6,8.8,81.9
Student_393,1393,71.8,74.1,55.9,77.8,91.4,5.3,45.9,4.0,69.8
Student_394,1394,100.0,74.1,67.0,79.7,70.2,3.5,68.9,6.1,75.2
Student_395,1395,96.8,98.7,64.2,81.7,71.0,4.0,58.6,5.5,80.2
Student_396,1396,80.3,58.4,84.7,87.0,76.4,3.0,83.0,7.2,74.9
Student_397,1397,67.9,81.1,76.4,86.4,95.8,6.5,81.3,4.0,80.4
Student_398,1398,98.5,92.9,59.6,75.2,76.3,3.8,77.6,4.0,77.8
Student_399,1399,83.9,100.0,85.6,74.7,64.7,2.6,59.4,10.0,83.5
Student_400,1400,97.4,70.1,57.8,86.4,73.0,2.9,83.3,7.9,73.5
Student_401,1401,69.1,80.9,79.0,87.2,85.6,4.2,47.0,7.2,77.7
Student_402,1402,79.0,81.8,65.2,76.1,84.9,5.1,44.0,7.5,75.8
Student_403,1403,85.1,77.3,70.6,64.1,76.0,2.0,50.9,7.2,72.0
Student_404,1404,85.5,73.8,81.1,77.9,84.8,6.8,69.5,8.5,82.4
Student_405,1405,80.5,80.2,81.3,86.2,55.3,4.5,80.1,6.1,78.2
Student_406,1406,91.2,44.6,91.0,98.1,79.0,4.7,25.4,7.3,74.9
Student_407,1407,74.3,83.2,74.0,68.0,86.6,3.9,89.8,7.3,78.0
Student_408,1408,83.6,76.5,78.7,75.7,69.7,4.0,72.0,5.4,76.2
Student_409,1409,86.2,72.3,69.7,76.1,69.6,3.8,46.5,8.9,73.6
Student_410,1410,90.1,99.6,77.2,93.6,59.3,5.5,71.5,6.3,85.2
Student_411,1411,92.1,66.9,80.3,79.7,93.9,4.0,86.4,8.5,80.6
Student_412,1412,73.8,70.2,73.8,70.9,70.8,5.2,79.0,7.2,74.0
Student_413,1413,69.7,98.9,53.4,85.6,80.4,3.3,86.5,9.5,77.5
Student_414,1414,97.8,65.0,79.0,76.0,84.0,4.3,49.5,5.4,76.0
Student_415,1415,88.3,68.4,79.4,67.8,93.1,2.8,63.8,5.4,75.0
Student_416,1416,77.5,73.2,66.8,71.1,76.5,5.8,56.1,5.6,72.7
Student_417,1417,100.0,85.1,59.6,97.3,72.6,2.7,95.8,7.2,79.2
Student_418,1418,86.2,77.5,92.7,83.8,79.7,3.5,79.6,9.3,83.9
Student_419,1419,96.8,59.5,80.9,81.1,90.8,3.5,100.0,9.4,80.0
Student_420,1420,85.7,68.6,72.3,77.5,76.3,3.5,63.0,4.0,72.2
Student_421,1421,100.0,67.7,61.4,82.9,68.5,5.1,59.1,7.4,74.2
Student_422,1422,100.0,74.1,65.1,82.8,62.6,3.5,67.9,4.0,73.3
Student_423,1423,82.5,80.1,90.6,82.9,65.8,6.1,90.7,8.2,84.7
Student_424,1424,94.7,80.0,76.7,81.1,86.6,2.8,64.5,8.7,80.6
Student_425,1425,91.5,53.7,68.4,88.7,74.8,4.3,71.9,6.9,71.8
Student_426,1426,98.7,87.8,81.1,80.2,71.9,2.8,71.5,7.1,82.2
Student_427,1427,75.4,78.0,65.2,70.2,70.8,4.6,70.6,7.1,72.8
Student_428,1428,91.9,91.6,93.0,73.9,78.9,4.0,60.2,5.8,85.2
Student_429,1429,95.6,80.3,91.2,60.2,75.6,3.8,67.9,7.6,81.7
Student_430,1430,67.4,88.2,69.4,100.0,75.3,5.8,67.3,6.7,79.5
Student_431,1431,73.2,80.6,67.5,88.6,91.5,3.0,69.9,8.4,76.7
Student_432,1432,64.6,91.2,43.6,71.7,93.4,4.9,84.2,6.8,72.4
Student_433,1433,82.3,81.3,57.2,77.2,61.9,2.8,96.4,5.7,71.4
Student_434,1434,92.2,73.8,58.9,73.6,81.3,4.2,57.4,4.7,71.9
Student_435,1435,100.0,100.0,76.6,95.4,70.2,2.2,64.1,4.2,83.2
Student_436,1436,85.7,85.7,71.1,65.8,75.5,3.0,57.6,9.0,76.6
Student_437,1437,100.0,81.9,58.9,81.1,81.1,3.9,72.8,6.3,77.1
Student_438,1438,71.2,59.7,71.6,78.9,75.9,6.7,61.9,7.5,72.5
Student_439,1439,68.0,59.5,81.1,88.3,80.3,4.2,73.6,9.7,74.9
Student_440,1440,84.4,78.5,81.3,79.0,84.7,6.5,86.6,6.2,82.9
Student_441,1441,88.8,76.7,52.2,62.4,80.9,4.3,32.1,6.1,68.8
Student_442,1442,84.7,67.6,73.5,77.5,71.5,3.4,77.4,6.8,73.5
Student_443,1443,64.3,76.7,58.4,70.3,71.7,6.3,63.1,7.0,70.6
Student_444,1444,84.1,94.1,85.8,80.8,63.6,4.7,76.9,9.8,85.5
Student_445,1445,72.0,83.3,84.4,94.3,69.5,3.0,56.6,9.3,79.5
Student_446,1446,91.7,61.3,64.2,62.6,97.6,4.7,87.9,7.9,74.2
Student_447,1447,88.7,73.7,65.8,72.0,70.1,3.6,83.7,9.2,74.7
Student_448,1448,75.6,65.3,69.5,74.5,66.1,1.0,78.5,6.7,67.4
Student_449,1449,79.9,70.3,48.0,76.2,81.2,5.4,81.9,7.4,70.6
Student_450,1450,74.4,70.0,79.0,87.4,76.9,5.6,58.8,6.5,76.7
Student_451,1451,84.4,69.3,71.7,78.3,76.0,6.8,60.7,5.1,75.8
Student_452,1452,94.6,59.9,86.6,84.2,92.1,4.6,81.3,8.8,81.5
Student_453,1453,75.1,73.5,61.8,73.7,83.5,3.6,58.5,7.8,71.3
Student_454,1454,90.0,68.3,67.6,82.3,72.7,5.3,91.7,7.0,76.3
Student_455,1455,79.7,39.8,56.9,87.8,73.8,5.3,65.1,7.0,64.3
Student_456,1456,77.1,99.6,62.9,72.7,73.0,6.5,77.5,4.7,79.5
Student_457,1457,83.9,88.1,60.8,87.8,86.7,3.9,100.0,5.5,78.9
Student_458,1458,74.6,70.5,87.0,80.5,74.9,3.8,59.4,7.5,76.6
Student_459,1459,79.5,75.2,66.6,90.5,60.1,2.9,71.0,6.2,72.0
Student_460,1460,73.0,60.9,76.5,78.0,77.5,4.8,85.8,6.7,73.2
Student_461,1461,100.0,95.3,70.4,83.8,62.6,1.7,84.3,6.8,80.4
Student_462,1462,85.4,97.8,59.8,79.6,99.8,5.2,65.1,6.0,81.6
Student_463,1463,78.0,76.9,73.0,79.0,68.3,4.9,62.2,5.5,74.7
Student_464,1464,87.1,87.3,82.2,82.6,76.4,4.9,66.5,4.6,81.9
Student_465,1465,83.9,77.1,60.5,85.4,80.6,4.2,91.7,6.8,75.8
Student_466,1466,82.8,59.0,84.7,67.5,75.1,6.3,65.8,7.9,76.1
Student_467,1467,91.1,70.1,64.8,94.3,75.1,5.3,71.2,4.5,75.4
Student_468,1468,92.6,76.6,69.2,61.4,82.2,3.1,63.6,7.0,74.6
Student_469,1469,79.7,69.5,81.4,73.2,93.3,3.1,80.6,7.4,77.2
Student_470,1470,79.2,72.4,67.0,79.1,85.7,2.7,72.3,5.5,72.3
Student_471,1471,82.2,73.9,75.5,84.1,92.8,4.8,54.9,9.1,79.4
Student_472,1472,62.0,74.0,71.2,95.8,67.5,2.5,55.5,6.4,70.4
Student_473,1473,69.8,75.6,76.6,61.4,81.2,5.6,40.0,6.8,73.8
Student_474,1474,98.7,62.3,46.4,74.9,79.6,6.0,57.5,6.8,69.8
Student_475,1475,100.0,66.4,53.0,58.7,81.5,2.7,81.9,4.3,67.7
Student_476,1476,82.5,59.6,82.4,80.3,91.8,3.7,89.9,8.5,77.6
Student_477,1477,90.8,86.7,87.4,82.7,75.8,4.0,80.3,5.6,83.9
Student_478,1478,88.1,49.7,64.1,95.9,73.9,5.3,78.3,6.6,71.1
Student_479,1479,100.0,88.8,72.1,81.2,83.3,6.4,68.1,7.9,85.4
Student_480,1480,96.2,91.6,78.5,90.4,60.2,1.5,81.6,9.2,82.1
Student_481,1481,83.7,71.4,83.3,85.8,75.6,3.5,74.3,5.4,77.3
Student_482,1482,75.4,43.8,50.7,75.6,76.7,3.6,97.1,6.3,61.8
Student_483,1483,68.9,70.7,64.4,65.9,68.8,1.9,68.5,9.1,67.4
Student_484,1484,87.0,74.2,71.0,82.8,88.6,3.3,90.1,7.7,78.1
Student_485,1485,77.4,62.9,83.4,65.1,67.4,4.6,83.1,8.0,74.2
Student_486,1486,70.8,68.8,100.0,93.0,76.6,3.6,81.0,5.4,80.1
Student_487,1487,78.5,93.4,72.3,78.4,80.9,1.7,39.8,6.4,76.0
Student_488,1488,74.2,83.0,58.1,92.0,91.5,8.3,83.9,6.7,80.6
Student_489,1489,100.0,63.9,79.8,75.2,77.9,4.4,68.1,5.7,76.9
Student_490,1490,93.8,55.8,90.9,82.7,87.4,4.2,63.3,4.5,77.4
Student_491,1491,84.9,71.1,76.3,82.1,85.0,2.4,47.8,6.2,74.3
Student_492,1492,99.8,72.4,64.1,79.5,79.2,4.4,69.9,9.0,77.3
Student_493,1493,85.8,81.0,86.5,75.7,67.1,3.8,70.5,7.1,79.8
Student_494,1494,76.4,68.6,83.0,83.9,63.7,1.2,50.5,9.1,72.3
Student_495,1495,100.0,81.1,62.7,70.7,79.1,2.4,47.9,7.3,74.3
Student_496,1496,90.4,98.2,79.6,67.9,72.6,5.2,77.3,5.9,84.1
Student_497,1497,74.6,84.8,87.0,92.4,87.2,6.9,83.1,8.9,87.6
Student_498,1498,83.1,74.4,89.2,87.3,85.5,4.6,72.9,7.3,82.6
Student_499,1499,76.2,72.8,74.2,80.7,76.2,5.7,87.3,8.4,78.1
Student_500,1500,71.2,70.7,70.7,96.7,66.4,3.8,68.7,5.4,72.3
Student_501,1501,94.3,89.2,89.7,77.3,83.1,3.9,69.2,8.6,86.6
Student_502,1502,100.0,67.5,60.5,93.2,67.8,5.6,56.2,8.6,75.8
Student_503,1503,71.0,75.5,80.3,81.8,70.4,6.5,46.6,7.4,77.4
Student_504,1504,90.6,75.6,58.6,69.8,68.2,6.0,97.8,5.8,74.7
Student_505,1505,78.5,69.0,87.8,98.5,76.6,2.4,87.0,6.9,78.8
Student_506,1506,80.1,58.5,71.9,89.9,89.7,3.9,49.1,7.9,72.9
Student_507,1507,79.1,78.9,90.2,78.8,77.9,4.4,72.3,7.4,81.5
Student_508,1508,76.4,74.3,80.9,87.3,73.6,3.6,68.5,7.9,77.3
Student_509,1509,85.5,81.0,60.3,76.0,62.7,4.6,65.9,8.5,74.2
Student_510,1510,76.7,68.6,92.1,88.3,83.5,5.2,63.9,6.0,80.3
Student_511,1511,87.7,89.6,93.6,56.1,70.2,5.5,75.7,5.3,83.6
Student_512,1512,84.5,64.5,85.6,69.8,79.2,6.5,82.3,6.9,79.1
Student_513,1513,82.6,95.5,65.9,89.8,74.5,3.5,76.0,6.5,79.7
Student_514,1514,75.9,54.0,71.3,77.5,86.4,2.0,68.2,8.2,68.5
Student_515,1515,79.2,80.2,76.7,82.1,76.4,4.5,67.6,5.4,77.6
Student_516,1516,92.6,80.7,66.6,66.5,77.4,6.8,84.1,8.5,80.4
Student_517,1517,90.0,65.5,95.3,98.5,82.9,3.3,77.0,9.0,83.6
Student_518,1518,75.2,80.1,76.7,91.9,99.1,5.0,71.1,7.0,81.6
Student_519,1519,86.0,90.4,42.6,78.0,86.9,5.0,69.5,7.1,74.7
Student_520,1520,92.5,48.4,79.1,76.0,77.1,4.3,75.2,5.8,71.9
Student_521,1521,68.3,81.0,70.8,90.3,78.0,4.0,63.0,6.2,75.2
Student_522,1522,90.4,45.1,74.1,99.8,72.8,2.6,82.3,6.4,70.5
Student_523,1523,78.4,63.4,70.6,89.5,68.5,0.6,53.9,9.2,69.0
Student_524,1524,90.7,94.5,84.7,100.0,72.5,2.3,63.8,6.9,84.5
Student_525,1525,77.4,68.0,88.4,70.8,70.3,3.4,79.2,5.0,74.6
Student_526,1526,67.0,60.9,78.4,71.8,84.5,5.6,53.0,7.4,72.5
Student_527,1527,68.7,72.6,70.9,68.1,67.3,3.8,46.4,8.2,70.0
Student_528,1528,85.5,99.8,74.5,84.4,91.3,3.2,70.9,7.0,84.2
Student_529,1529,87.6,53.0,75.2,81.8,85.5,2.7,44.6,9.2,71.4
Student_530,1530,76.0,62.4,65.4,78.5,78.2,5.0,50.5,8.2,70.7
Student_531,1531,91.4,93.0,81.9,88.1,78.0,6.0,81.3,5.4,86.8
Student_532,1532,68.4,97.3,80.5,92.3,72.4,5.6,66.9,6.2,83.3
Student_533,1533,84.3,73.8,93.5,64.7,80.7,4.9,89.3,7.3,82.0
Student_534,1534,72.9,60.1,90.1,74.0,88.9,1.8,51.9,4.5,71.4
Student_535,1535,78.5,100.0,66.8,88.2,71.0,3.5,68.6,7.5,80.1
Student_536,1536,85.5,94.1,84.8,75.3,62.7,6.9,76.0,4.4,84.2
Student_537,1537,76.4,83.1,63.6,72.0,85.0,5.7,52.4,8.5,76.4
Student_538,1538,81.2,65.3,83.4,90.2,81.2,1.7,85.5,8.4,76.7
Student_539,1539,95.1,74.4,68.8,67.1,66.8,3.9,77.7,7.8,75.0
Student_540,1540,79.2,73.1,62.7,77.0,70.7,4.5,45.9,6.0,70.3
Student_541,1541,93.4,79.0,78.4,83.3,69.4,2.9,69.4,7.3,78.7
Student_542,1542,73.7,92.4,42.9,74.3,70.8,0.5,75.8,6.2,66.7
Student_543,1543,90.3,85.6,54.0,87.8,74.8,4.1,61.1,5.5,74.6
Student_544,1544,99.4,62.1,72.9,74.3,75.3,2.8,47.8,6.5,72.1
Student_545,1545,60.3,91.5,76.0,94.1,71.5,2.8,74.2,8.0,78.0
Student_546,1546,77.0,78.8,70.6,78.7,70.4,3.5,100.0,7.1,75.9
Student_547,1547,90.8,83.2,56.0,86.7,75.7,3.8,64.2,9.2,76.3
Student_548,1548,83.0,92.6,65.2,87.5,79.7,4.0,93.5,8.1,81.4
Student_549,1549,88.7,61.7,79.7,73.7,74.8,2.7,58.7,8.0,73.1
Student_550,1550,79.0,74.6,82.0,59.5,89.6,3.7,73.2,4.6,75.6
Student_551,1551,85.9,68.6,74.8,83.6,83.1,1.4,81.6,6.6,74.2
Student_552,1552,83.4,56.2,88.9,80.7,62.1,4.5,69.9,5.4,73.7
Student_553,1553,96.7,79.2,79.8,85.6,83.2,0.0,65.5,6.7,77.8
Student_554,1554,87.5,100.0,66.0,77.7,84.1,3.6,80.9,6.0,81.4
Student_555,1555,88.4,52.9,71.6,75.7,73.7,5.4,98.4,6.4,72.9
Student_556,1556,80.9,74.6,58.2,100.0,63.0,2.4,74.5,8.6,72.1
Student_557,1557,80.1,82.7,73.7,65.3,78.1,5.1,62.3,7.7,77.5
Student_558,1558,80.7,76.5,88.3,87.3,77.9,5.7,67.2,8.5,83.2
Student_559,1559,88.9,73.6,83.2,74.3,66.8,0.0,100.0,4.6,74.0
Student_560,1560,80.8,59.4,91.8,76.6,63.5,3.8,72.0,7.1,74.9
Student_561,1561,87.9,77.8,71.4,76.8,77.1,0.0,61.1,8.5,73.2
Student_562,1562,100.0,65.9,91.2,72.0,75.7,3.8,52.8,9.3,80.1
Student_563,1563,93.7,48.7,72.7,85.7,73.8,4.0,42.6,4.7,68.9
Student_564,1564,81.7,89.3,92.7,93.9,77.2,0.3,75.5,6.5,82.2
Student_565,1565,97.0,86.5,74.7,84.7,67.0,6.9,79.8,8.6,85.2
Student_566,1566,80.9,75.6,83.5,81.0,73.7,4.4,64.0,6.7,78.3
Student_567,1567,64.6,77.7,92.7,70.1,83.3,2.7,69.8,5.6,76.7
Student_568,1568,74.9,87.9,72.7,85.2,74.5,6.2,52.4,4.7,78.5
Student_569,1569,66.3,77.7,77.6,100.0,61.3,1.3,72.0,5.6,72.5
Student_570,1570,81.5,85.8,90.5,76.2,73.3,2.2,77.2,4.5,79.6
Student_571,1571,85.2,71.4,73.4,76.2,67.3,0.6,62.0,7.1,70.6
Student_572,1572,100.0,90.7,59.1,74.4,80.7,6.7,95.4,8.3,83.7
Student_573,1573,88.3,78.8,100.0,75.1,81.2,4.5,57.4,5.1,83.5
Student_574,1574,82.8,77.3,69.4,52.5,61.4,5.0,74.3,7.4,72.9
Student_575,1575,93.3,59.8,76.9,84.1,85.6,4.5,82.7,8.3,78.0
Student_576,1576,62.9,78.4,88.9,71.5,66.9,4.9,68.8,7.0,76.9
Student_577,1577,87.4,65.0,67.7,63.9,93.6,4.1,67.2,4.6,71.8
Student_578,1578,92.7,67.3,62.9,87.5,77.5,4.4,48.6,7.6,73.6
Student_579,1579,70.2,65.2,78.0,69.2,65.5,4.2,90.4,6.9,72.0
Student_580,1580,96.4,62.2,53.5,76.6,66.6,3.1,67.5,6.8,67.6
Student_581,1581,88.4,100.0,71.5,94.7,81.5,3.9,78.1,6.2,84.7
Student_582,1582,80.8,91.0,77.9,65.9,74.1,4.4,80.1,7.1,80.3
Student_583,1583,91.3,98.0,71.8,64.7,77.0,4.2,60.6,7.8,81.5
Student_584,1584,100.0,60.3,56.5,82.7,94.1,1.8,67.0,10.0,72.1
Student_585,1585,86.8,75.9,94.1,91.5,71.0,2.0,90.0,7.2,81.9
Student_586,1586,87.5,59.5,76.2,64.3,78.6,5.6,53.2,9.3,74.2
Student_587,1587,80.4,66.7,92.2,84.1,92.2,3.5,100.0,7.5,81.7
Student_588,1588,76.5,64.0,71.9,85.8,80.7,4.9,58.8,6.9,73.4
Student_589,1589,93.3,89.9,64.4,59.4,61.9,2.4,52.3,7.2,73.3
Student_590,1590,76.4,70.2,78.2,88.0,83.1,1.8,72.0,5.2,73.7
Student_591,1591,85.7,87.8,72.4,88.8,66.4,2.7,100.0,7.5,79.9
Student_592,1592,80.2,82.2,60.9,76.9,92.1,3.7,41.3,4.0,72.5
Student_593,1593,89.8,100.0,92.6,92.5,69.8,3.0,67.9,5.7,87.0
Student_594,1594,88.3,57.2,67.5,91.4,100.0,5.9,77.1,7.2,76.9
Student_595,1595,95.4,90.1,52.9,81.0,92.7,4.3,70.5,8.8,79.6
Student_596,1596,79.9,88.8,90.9,75.5,70.0,6.8,75.7,9.1,86.6
Student_597,1597,82.3,63.3,68.9,70.3,78.2,4.6,59.2,6.6,71.2
Student_598,1598,75.2,87.1,67.7,79.6,85.5,0.4,61.0,7.2,73.6
Student_599,1599,80.6,79.0,53.8,85.7,85.8,5.6,67.8,8.5,75.7
Student_600,1600,88.8,72.3,95.9,76.8,82.4,1.7,53.1,5.0,78.1
Student_601,1601,92.6,65.1,59.5,58.0,90.5,4.3,69.3,7.6,71.4
Student_602,1602,75.8,66.4,75.7,92.7,76.8,2.8,64.2,5.8,72.8
Student_603,1603,93.7,99.6,86.0,81.9,74.3,7.2,62.9,6.7,89.8
Student_604,1604,98.6,75.0,80.1,76.2,74.5,6.2,74.8,6.3,81.8
Student_605,1605,89.1,84.4,74.3,88.6,86.6,2.9,42.7,7.7,79.4
Student_606,1606,100.0,65.5,54.6,95.2,81.7,3.8,66.6,7.8,73.7
Student_607,1607,77.3,65.6,65.3,52.0,80.9,4.4,100.0,8.3,71.2
Student_608,1608,72.6,88.0,77.3,84.3,86.0,5.3,53.7,7.5,81.0
Student_609,1609,67.2,58.8,65.6,65.7,57.5,4.0,89.3,7.3,65.6
Student_610,1610,100.0,70.0,77.4,85.0,81.1,2.5,70.8,9.8,79.5
Student_611,1611,91.5,75.4,83.2,81.3,80.2,2.9,61.0,4.7,77.8
Student_612,1612,84.4,76.3,86.6,86.4,94.7,4.0,50.2,9.5,82.6
Student_613,1613,87.8,72.9,60.3,75.0,62.7,5.9,72.1,6.6,73.1
Student_614,1614,73.7,79.7,100.0,61.3,93.6,4.6,91.8,7.9,84.7
Student_615,1615,100.0,83.3,84.2,75.5,78.8,2.8,64.2,6.5,81.6
Student_616,1616,86.3,83.8,75.0,84.1,82.9,5.0,68.8,5.9,80.7
Student_617,1617,86.1,63.2,88.1,90.2,94.8,3.4,85.2,7.7,80.7
Student_618,1618,92.3,71.6,100.0,68.3,83.6,5.3,75.1,8.6,85.3
Student_619,1619,89.8,89.3,57.7,90.3,82.0,7.8,46.4,7.7,81.4
Student_620,1620,87.2,85.7,72.3,73.5,80.4,3.5,71.5,6.2,78.2
Student_621,1621,77.1,58.5,46.5,83.6,73.2,5.2,92.7,10.0,68.3
Student_622,1622,89.7,79.2,77.3,74.9,77.7,2.9,69.4,8.8,78.6
Student_623,1623,100.0,51.3,79.4,81.8,70.8,3.8,28.9,8.4,72.4
Student_624,1624,98.5,75.6,74.5,88.9,77.6,4.0,75.8,6.5,80.0
Student_625,1625,100.0,97.8,67.1,67.7,54.6,3.7,67.0,6.1,78.6
Student_626,1626,79.9,63.6,50.4,73.2,82.3,7.7,42.6,6.6,69.2
Student_627,1627,75.1,65.0,79.5,81.8,76.8,3.5,44.8,8.6,73.3
Student_628,1628,83.7,84.2,92.5,100.0,74.6,4.9,84.6,5.5,86.1
Student_629,1629,85.6,56.5,67.9,71.4,80.2,1.1,59.0,5.4,65.9
Student_630,1630,95.9,67.4,80.3,100.0,63.7,4.6,56.4,7.8,79.0
Student_631,1631,68.1,82.2,56.2,100.0,97.3,5.7,69.5,7.5,77.4
Student_632,1632,100.0,67.4,80.5,79.0,77.0,3.2,60.3,5.8,76.7
Student_633,1633,83.4,72.2,70.3,77.0,76.5,0.2,71.5,5.4,70.0
Student_634,1634,80.7,83.9,65.9,73.1,68.3,3.9,67.0,9.2,75.6
Student_635,1635,74.9,80.1,65.9,79.3,78.2,4.0,52.0,7.5,73.8
Student_636,1636,68.5,78.2,70.3,65.9,91.9,5.1,62.3,5.0,73.8
Student_637,1637,93.2,70.9,79.6,79.2,88.4,7.0,76.6,5.1,81.7
Student_638,1638,85.7,79.4,59.3,95.0,86.5,3.4,70.6,6.5,75.8
Student_639,1639,72.1,73.5,70.2,73.9,83.5,2.7,68.8,8.1,72.6
Student_640,1640,72.0,80.5,74.5,77.6,74.4,2.2,99.1,7.9,75.9
Student_641,1641,81.6,69.0,61.8,63.0,63.5,4.3,81.0,8.7,70.3
Student_642,1642,100.0,72.8,96.6,83.7,76.0,4.7,82.8,4.8,84.6
Student_643,1643,82.4,63.1,64.8,82.6,75.6,3.2,67.5,7.3,70.4
Student_644,1644,70.0,74.6,67.0,80.6,88.5,5.2,73.3,9.1,76.2
Student_645,1645,82.5,65.3,63.3,77.8,81.1,4.7,63.5,9.0,72.7
Student_646,1646,82.3,61.6,96.6,77.1,94.1,4.1,81.7,7.5,80.9
Student_647,1647,58.0,78.1,81.6,85.0,90.0,2.6,68.3,10.0,77.1
Student_648,1648,84.5,77.6,63.8,79.7,73.4,3.3,73.3,7.9,74.2
Student_649,1649,82.7,84.4,88.3,83.1,60.0,0.4,72.4,8.6,78.2
Student_650,1650,92.0,69.8,77.4,82.1,91.9,4.4,69.7,7.1,79.4
Student_651,1651,100.0,79.9,78.1,91.2,91.6,4.0,100.0,5.8,84.7
Student_652,1652,96.3,81.6,70.9,86.8,64.3,4.3,60.0,5.7,77.8
Student_653,1653,82.3,80.3,66.0,81.9,93.1,4.8,59.9,7.3,77.8
Student_654,1654,73.9,65.1,79.1,95.2,81.8,4.6,80.4,6.7,76.8
Student_655,1655,100.0,76.8,68.5,84.2,79.6,3.8,61.1,4.3,76.6
Student_656,1656,85.6,79.4,96.8,93.0,94.1,4.1,65.6,5.5,85.7
Student_657,1657,85.1,75.1,59.8,86.1,91.4,1.9,53.7,6.5,72.1
Student_658,1658,84.8,50.0,93.4,61.6,84.5,3.1,77.4,8.1,74.2
Student_659,1659,87.0,76.9,73.7,93.0,82.7,4.1,77.6,7.0,79.8
Student_660,1660,83.6,100.0,78.6,81.4,84.2,2.9,65.3,6.9,83.4
Student_661,1661,79.3,70.7,85.0,79.5,74.0,5.3,80.7,5.5,78.2
Student_662,1662,79.5,66.3,67.4,82.8,77.4,3.0,42.1,7.0,70.0
Student_663,1663,84.7,79.5,85.4,76.6,69.0,4.3,59.4,9.0,80.2
Student_664,1664,79.6,78.7,42.5,82.3,74.7,4.2,67.5,7.2,69.1
Student_665,1665,77.9,89.3,66.4,74.1,74.3,5.1,52.4,4.7,75.5
Student_666,1666,86.1,59.9,63.9,92.7,71.6,5.4,43.8,5.1,70.4
Student_667,1667,82.5,83.8,60.0,78.9,79.4,5.0,65.4,7.9,76.4
Student_668,1668,100.0,82.1,72.4,76.2,74.8,0.8,80.4,6.7,76.8
Student_669,1669,58.5,73.3,79.6,70.8,83.0,5.8,89.2,6.9,76.1
Student_670,1670,95.9,79.1,83.4,82.7,61.8,6.3,61.8,6.1,81.8
Student_671,1671,97.5,87.4,77.9,81.9,76.9,3.3,81.0,7.8,83.0
Student_672,1672,64.3,85.5,67.0,83.9,79.3,4.4,79.5,6.5,75.7
Student_673,1673,81.6,61.3,79.4,69.7,74.9,2.7,88.3,6.7,72.3
Student_674,1674,81.3,84.8,76.5,64.0,76.3,1.1,64.7,5.7,73.7
Student_675,1675,70.9,74.2,86.2,86.3,62.1,2.9,43.0,8.4,74.8
Student_676,1676,77.2,75.9,84.3,94.8,81.6,3.2,71.1,6.7,79.5
Student_677,1677,73.9,75.9,75.4,69.7,84.5,3.5,54.8,7.9,74.5
Student_678,1678,100.0,73.2,64.2,95.9,82.9,2.6,59.1,5.2,75.4
Student_679,1679,94.4,89.3,67.2,82.8,88.4,2.9,65.5,9.6,81.4
Student_680,1680,97.7,74.0,68.4,79.9,80.0,4.0,64.9,8.9,78.0
Student_681,1681,92.2,61.6,71.2,76.0,82.8,2.8,72.1,4.1,71.3
Student_682,1682,73.7,70.3,78.2,66.2,79.6,4.8,80.5,5.8,74.5
Student_683,1683,79.8,77.1,83.6,89.9,84.9,5.0,64.5,7.7,81.7
Student_684,1684,89.9,89.8,74.4,72.2,62.2,7.6,75.9,5.0,81.8
Student_685,1685,72.8,82.2,75.2,72.2,69.1,5.7,70.2,6.8,77.1
Student_686,1686,92.1,64.8,76.7,89.9,93.9,4.4,84.0,7.6,80.0
Student_687,1687,82.6,100.0,68.8,61.2,53.4,3.1,67.2,6.7,75.9
Student_688,1688,81.3,78.2,63.9,64.8,76.6,4.4,68.8,7.8,73.6
Student_689,1689,92.1,90.3,53.9,79.8,89.7,4.5,64.4,6.0,77.4
Student_690,1690,89.4,73.2,66.7,82.9,77.1,3.2,67.6,4.0,73.0
Student_691,1691,81.4,81.4,80.7,84.8,73.9,5.2,58.2,8.5,80.9
Student_692,1692,96.6,85.1,66.6,77.0,79.3,1.9,56.8,8.5,77.0
Student_693,1693,74.2,89.6,72.1,100.0,74.5,3.6,81.6,10.0,81.6
Student_694,1694,91.2,87.7,80.6,77.7,78.3,4.8,53.8,4.0,80.9
Student_695,1695,90.9,85.5,81.2,77.7,71.2,3.6,65.2,8.1,81.0
Student_696,1696,81.9,71.2,62.0,72.0,89.1,3.7,85.2,4.0,71.7
Student_697,1697,88.3,68.1,87.0,81.2,92.2,3.8,64.7,9.6,81.2
Student_698,1698,72.5,79.0,88.5,86.1,76.7,2.7,82.4,7.7,79.7
Student_699,1699,94.2,86.2,61.4,92.0,64.1,5.8,61.1,5.6,78.4
Student_700,1700,83.2,72.3,65.1,65.1,72.8,2.5,54.2,8.2,69.9
Student_701,1701,79.8,87.8,89.3,77.5,76.2,4.5,46.1,6.2,81.6
Student_702,1702,95.5,92.4,73.2,84.5,83.1,4.6,89.7,7.5,85.3
Student_703,1703,78.0,64.0,48.4,85.9,67.9,2.6,52.9,7.3,64.1
Student_704,1704,70.9,65.0,58.2,80.1,70.3,4.1,81.2,9.6,69.5
Student_705,1705,69.4,73.3,72.0,85.4,83.1,2.6,55.0,9.7,73.8
Student_706,1706,91.1,78.7,61.0,71.9,87.4,6.1,89.8,6.1,78.1
Student_707,1707,72.2,68.7,70.0,95.6,71.8,2.3,100.0,8.6,73.8
Student_708,1708,100.0,91.2,75.4,89.9,64.7,3.0,44.7,7.5,81.1
Student_709,1709,64.2,80.1,92.5,66.6,100.0,2.2,53.7,4.9,76.8
Student_710,1710,100.0,75.5,71.5,69.2,85.8,2.0,81.6,6.0,76.3
Student_711,1711,87.1,57.8,87.9,69.5,75.3,6.4,77.7,10.0,79.2
Student_712,1712,84.0,59.2,92.1,86.8,86.7,4.8,81.7,7.5,80.4
Student_713,1713,79.6,78.4,92.2,67.2,76.8,4.2,61.4,8.5,80.6
Student_714,1714,89.0,49.4,78.4,76.7,86.7,3.0,99.8,6.7,73.0
Student_715,1715,84.6,87.2,51.4,84.5,79.6,5.4,71.8,6.2,75.8
Student_716,1716,96.0,73.1,80.5,79.3,78.9,2.8,51.7,7.0,77.4
Student_717,1717,86.1,100.0,87.6,82.6,76.9,5.2,66.2,6.6,87.5
Student_718,1718,86.5,100.0,74.0,69.3,63.5,2.7,51.9,4.8,77.4
Student_719,1719,81.4,72.8,95.9,85.9,97.4,3.0,93.9,5.5,83.2
Student_720,1720,84.4,73.7,85.3,73.9,68.6,5.1,60.1,8.1,78.9
Student_721,1721,88.1,86.9,81.8,76.8,64.4,5.3,77.4,6.4,81.8
Student_722,1722,67.9,95.4,88.0,82.4,75.9,4.9,62.9,7.0,83.4
Student_723,1723,71.5,55.3,79.0,81.0,68.4,2.4,60.8,7.4,68.4
Student_724,1724,92.4,53.6,45.1,80.2,77.5,3.3,41.3,7.5,63.5
Student_725,1725,86.7,67.5,69.0,72.5,84.9,4.2,79.0,8.7,75.4
Student_726,1726,83.2,82.0,89.4,77.0,88.0,2.7,89.5,5.4,81.7
Student_727,1727,85.2,81.0,65.3,80.0,86.1,6.1,56.3,7.9,78.8
Student_728,1728,88.5,87.8,72.3,66.2,74.9,0.4,46.8,8.1,74.2
Student_729,1729,79.6,60.6,62.5,75.4,78.5,2.8,82.0,8.5,69.3
Student_730,1730,77.2,47.2,96.4,83.9,82.1,3.2,45.3,4.9,72.1
Student_731,1731,87.0,85.3,95.2,67.2,60.4,0.0,88.3,7.4,79.0
Student_732,1732,75.2,65.1,64.4,91.6,83.7,1.9,56.4,9.6,70.7
Student_733,1733,89.1,50.8,76.8,92.7,63.4,4.9,53.5,6.9,71.9
Student_734,1734,68.0,76.7,66.8,67.5,98.4,4.0,73.7,7.7,74.2
Student_735,1735,95.3,84.5,82.4,93.6,74.0,6.4,54.4,8.2,86.0
Student_736,1736,89.7,73.5,81.1,78.6,76.2,6.3,59.4,5.5,79.6
Student_737,1737,87.6,69.5,84.7,84.2,70.3,4.6,75.3,9.8,80.3
Student_738,1738,94.8,73.1,79.0,75.0,71.7,4.5,33.6,7.7,77.0
Student_739,1739,100.0,70.6,100.0,89.2,100.0,4.1,94.6,7.8,89.3
Student_740,1740,95.1,58.8,62.7,84.1,87.4,0.0,70.7,4.5,67.6
Student_741,1741,66.6,66.4,54.5,71.9,62.5,1.9,50.6,8.2,62.2
Student_742,1742,72.2,81.3,70.3,68.3,93.0,4.2,54.7,7.8,75.6
Student_743,1743,78.8,78.9,56.2,65.4,89.9,4.9,84.9,9.4,75.0
Student_744,1744,85.3,77.0,57.1,81.9,75.2,4.4,79.0,6.5,73.7
Student_745,1745,90.2,63.1,63.0,85.7,81.1,2.7,90.8,5.5,71.7
Student_746,1746,77.7,72.8,63.9,86.5,77.9,5.4,59.8,6.0,73.6
Student_747,1747,86.9,48.9,63.5,78.8,97.7,6.2,74.4,6.2,71.8
Student_748,1748,77.4,77.1,81.2,68.4,70.0,5.4,76.4,5.3,76.8
Student_749,1749,78.9,92.1,68.9,73.2,79.5,5.5,80.4,8.9,81.3
Student_750,1750,70.9,57.3,72.8,91.5,73.7,3.2,86.9,9.0,71.7
Student_751,1751,75.8,68.0,85.7,75.2,63.7,5.6,59.2,6.7,75.6
Student_752,1752,71.5,78.9,65.8,81.4,99.9,4.2,68.3,6.4,75.8
Student_753,1753,75.2,90.0,71.8,69.2,66.2,4.8,60.8,4.3,75.3
Student_754,1754,95.5,69.6,79.4,83.4,80.2,4.5,69.2,8.0,79.9
Student_755,1755,75.5,66.7,51.7,75.4,60.6,3.8,80.5,9.5,67.1
Student_756,1756,100.0,51.4,46.4,90.5,74.0,2.7,45.2,6.0,63.9
Student_757,1757,89.9,76.2,79.2,87.7,82.2,3.9,86.6,6.8,81.0
Student_758,1758,86.8,99.5,80.9,75.0,69.8,5.5,52.9,7.7,84.6
Student_759,1759,76.4,78.3,99.8,78.7,83.9,3.3,65.4,9.6,83.6
Student_760,1760,92.0,74.7,76.9,74.5,75.3,5.3,88.7,7.3,80.0
Student_761,1761,79.2,78.9,84.8,65.8,89.6,5.1,74.9,7.3,80.8
Student_762,1762,86.2,74.9,72.7,71.4,91.6,3.6,75.1,7.3,77.2
Student_763,1763,100.0,65.2,78.6,82.0,72.1,6.1,52.3,4.9,77.5
Student_764,1764,84.0,84.9,95.0,83.3,78.8,3.5,54.3,4.8,82.4
Student_765,1765,96.5,77.7,49.5,81.5,79.8,6.3,84.1,5.8,75.9
Student_766,1766,78.0,75.2,80.0,77.0,84.2,4.7,61.2,8.5,78.6
Student_767,1767,84.7,63.3,100.0,89.3,78.1,4.0,62.6,6.5,80.7
Student_768,1768,100.0,90.6,78.4,80.6,79.9,2.7,84.5,6.2,83.3
Student_769,1769,78.7,83.0,94.8,87.0,75.6,3.9,54.3,6.2,82.2
Student_770,1770,100.0,68.4,67.4,62.3,79.2,3.7,74.0,6.8,73.9
Student_771,1771,92.1,87.0,74.6,40.8,91.0,2.1,70.6,9.6,77.9
Student_772,1772,79.4,69.0,75.4,82.8,84.5,3.7,70.0,6.8,75.3
Student_773,1773,91.3,65.6,48.4,65.8,85.0,2.8,62.2,5.8,66.1
Student_774,1774,94.7,65.9,61.0,77.9,85.2,4.9,61.3,7.0,73.7
Student_775,1775,91.2,53.7,61.8,77.0,76.5,6.0,53.8,9.6,71.4
Student_776,1776,69.3,80.7,84.9,95.9,81.2,2.2,77.2,6.2,78.6
Student_777,1777,77.7,53.0,85.5,84.0,67.1,6.6,60.0,5.2,73.6
Student_778,1778,82.5,60.3,78.9,81.7,90.7,3.8,84.5,6.2,75.6
Student_779,1779,84.3,50.1,84.9,88.4,50.2,2.5,66.6,7.2,69.7
Student_780,1780,91.2,74.0,73.0,83.7,77.1,5.1,54.1,8.0,78.3
Student_781,1781,86.8,73.2,89.4,75.4,89.4,3.3,66.4,8.5,81.0
Student_782,1782,71.6,71.1,75.1,90.7,64.4,3.9,63.8,5.4,72.6
Student_783,1783,88.8,62.5,75.7,68.9,82.0,3.4,85.1,5.6,73.4
Student_784,1784,91.1,60.9,71.8,83.2,71.2,2.8,64.5,6.5,71.6
Student_785,1785,90.6,80.6,83.2,64.5,74.3,5.1,65.9,8.0,80.8
Student_786,1786,95.8,68.4,69.9,82.0,87.5,3.6,91.2,5.1,76.6
Student_787,1787,93.3,78.8,86.7,81.9,80.0,1.8,77.6,6.1,80.2
Student_788,1788,89.6,64.4,61.4,96.8,57.7,4.8,94.9,6.1,72.9
Student_789,1789,84.3,77.2,61.8,64.4,68.2,2.2,88.9,8.4,71.5
Student_790,1790,68.4,90.6,83.2,74.0,87.8,2.3,56.7,7.8,78.9
Student_791,1791,89.3,82.0,73.9,88.2,82.5,5.8,84.8,8.4,83.7
Student_792,1792,87.1,70.1,69.6,83.4,95.5,2.2,92.9,9.0,77.3
Student_793,1793,87.7,78.1,85.7,81.8,94.8,0.5,93.0,6.5,80.1
Student_794,1794,72.2,72.1,67.7,70.4,74.6,4.9,84.8,5.2,72.0
Student_795,1795,74.2,75.1,72.6,74.1,100.0,3.5,84.5,5.2,75.8
Student_796,1796,95.5,71.1,91.8,92.5,78.2,3.7,65.5,4.2,81.2
Student_797,1797,84.6,73.0,93.5,79.5,68.4,3.5,57.4,6.3,78.6
Student_798,1798,91.8,77.5,93.9,83.8,71.7,4.3,64.7,6.4,82.9
Student_799,1799,85.3,63.1,71.6,78.8,55.4,2.9,45.0,8.2,69.1
Student_800,1800,85.3,62.8,89.8,68.2,94.1,6.2,90.1,7.0,81.4
Student_801,1801,94.4,58.3,63.6,89.3,93.9,1.8,65.8,6.3,71.2
Student_802,1802,79.8,55.8,64.1,85.0,67.8,4.7,89.4,6.8,69.8
Student_803,1803,86.0,60.4,46.8,100.0,75.7,5.0,51.5,5.4,67.5
Student_804,1804,80.4,76.9,95.1,69.8,79.0,2.9,86.2,8.5,81.4
Student_805,1805,80.7,64.3,64.6,88.2,68.4,2.5,62.6,5.8,68.4
Student_806,1806,81.9,81.2,73.5,66.9,60.4,5.5,50.7,5.3,74.3
Student_807,1807,87.2,75.4,64.1,81.6,75.9,2.5,94.4,8.2,75.0
Student_808,1808,80.2,51.4,83.3,89.8,74.8,3.1,86.6,7.9,73.6
Student_809,1809,97.6,82.9,70.5,59.3,74.1,5.3,73.2,4.4,77.6
Student_810,1810,76.1,84.7,59.3,78.0,80.2,4.1,70.5,8.3,75.0
Student_811,1811,83.1,63.1,80.3,74.4,92.3,1.3,76.6,5.9,73.1
Student_812,1812,80.6,80.0,57.8,73.0,75.0,6.6,72.9,6.4,74.8
Student_813,1813,99.5,64.7,65.0,83.9,79.7,3.2,58.1,7.3,73.4
Student_814,1814,87.0,76.2,49.7,91.2,85.3,3.4,63.8,7.9,72.7
Student_815,1815,95.3,59.8,57.9,78.7,83.5,4.4,99.4,7.7,73.1
Student_816,1816,70.1,53.5,77.1,82.1,71.9,4.9,100.0,6.9,72.0
Student_817,1817,87.7,70.4,51.4,81.1,79.0,6.9,93.4,6.4,74.4
Student_818,1818,93.9,73.5,57.2,80.0,83.5,1.5,77.2,7.6,72.2
Student_819,1819,85.8,70.2,75.0,69.1,66.7,5.2,64.9,6.8,74.5
Student_820,1820,95.7,60.8,68.5,91.1,90.6,5.1,58.0,9.7,77.7
Student_821,1821,79.8,70.2,98.9,83.0,92.3,3.8,59.0,7.9,82.4
Student_822,1822,99.1,78.2,97.0,83.9,70.8,5.2,61.7,5.6,85.2
Student_823,1823,100.0,74.5,64.6,71.9,79.9,5.4,100.0,6.3,78.5
Student_824,1824,81.4,77.2,81.7,75.4,84.4,1.9,97.1,7.1,78.2
Student_825,1825,80.5,67.0,84.0,78.2,72.5,6.6,81.2,8.9,80.1
Student_826,1826,99.5,89.1,67.8,64.7,82.8,1.7,55.6,9.1,78.0
Student_827,1827,100.0,60.9,57.1,63.1,79.6,2.3,83.4,6.4,68.4
Student_828,1828,79.8,80.9,74.9,74.0,63.3,3.6,66.4,5.6,74.4
Student_829,1829,80.8,89.2,72.9,85.2,82.6,6.9,37.7,5.4,81.0
Student_830,1830,82.2,80.8,69.8,73.5,67.0,3.5,74.3,7.4,74.9
Student_831,1831,71.6,72.6,80.3,69.8,87.4,4.0,57.4,10.0,76.5
Student_832,1832,75.8,68.7,66.0,71.9,71.3,6.1,57.9,7.8,72.3
Student_833,1833,75.0,87.4,61.2,75.4,76.4,3.5,66.2,4.6,72.6
Student_834,1834,77.3,57.9,76.3,76.5,91.7,2.2,62.5,5.9,70.3
Student_835,1835,84.7,63.4,79.6,100.0,83.0,3.4,69.5,6.1,76.7
Student_836,1836,87.3,70.2,60.9,90.5,67.2,6.1,68.8,5.8,74.1
Student_837,1837,100.0,89.9,86.1,90.2,67.9,4.1,41.9,6.4,84.2
Student_838,1838,75.0,79.6,53.8,91.7,72.0,6.9,92.8,7.6,76.2
Student_839,1839,94.8,63.4,68.1,70.0,81.9,5.1,55.2,8.0,74.1
Student_840,1840,82.9,71.3,71.9,67.8,81.6,3.0,55.7,8.6,73.3
Student_841,1841,84.5,67.6,67.4,68.9,69.6,4.1,65.1,7.8,71.5
Student_842,1842,91.7,66.5,68.2,93.3,66.3,2.7,68.4,4.1,71.6
Student_843,1843,73.8,86.7,97.5,74.5,80.8,3.0,91.9,5.4,83.0
Student_844,1844,88.8,58.5,64.8,67.5,76.2,10.7,74.0,6.8,76.4
Student_845,1845,86.7,94.3,100.0,75.7,99.6,5.5,78.5,7.2,92.0
Student_846,1846,89.9,84.9,80.2,77.6,78.4,5.3,74.1,8.3,83.5
Student_847,1847,87.9,88.1,76.1,82.7,96.1,3.1,73.5,7.1,82.5
Student_848,1848,100.0,69.4,80.7,82.5,66.3,6.4,74.6,7.1,81.1
Student_849,1849,78.6,73.2,100.0,71.7,62.3,5.6,41.0,7.4,79.9
Student_850,1850,79.7,57.8,63.1,86.9,66.8,6.8,66.3,6.6,71.0
Student_851,1851,78.8,68.7,61.6,73.6,89.9,6.7,87.4,7.1,75.3
Student_852,1852,79.4,80.9,65.9,78.4,95.6,1.8,100.0,8.7,77.1
Student_853,1853,78.6,90.6,75.4,86.9,70.2,2.3,51.9,6.9,77.3
Student_854,1854,96.9,61.7,54.3,73.6,73.4,2.5,76.3,7.0,68.1
Student_855,1855,99.2,70.6,75.3,74.3,66.3,2.6,61.4,6.9,74.6
Student_856,1856,79.3,73.2,95.3,85.9,59.9,4.5,100.0,8.9,82.5
Student_857,1857,76.7,58.3,76.8,71.4,85.2,3.1,49.7,5.3,69.2
Student_858,1858,89.7,82.1,71.5,76.2,80.2,7.1,79.4,9.7,83.4
Student_859,1859,79.5,66.3,67.6,85.6,78.1,6.9,48.9,5.2,73.8
Student_860,1860,91.3,72.7,85.8,100.0,64.0,4.0,65.2,6.0,80.0
Student_861,1861,87.0,69.6,65.1,86.1,94.4,6.9,69.5,8.1,79.1
Student_862,1862,69.8,65.5,97.2,84.7,73.0,6.2,86.0,8.5,81.7
Student_863,1863,100.0,74.9,98.2,85.3,83.3,3.3,53.8,4.9,83.5
Student_864,1864,100.0,72.4,78.1,69.3,63.5,1.0,80.0,5.4,73.6
Student_865,1865,78.9,70.5,74.9,81.2,76.1,3.7,70.3,7.4,74.9
Student_866,1866,81.1,66.3,87.4,79.7,80.9,3.0,74.1,10.0,78.3
Student_867,1867,87.9,78.8,88.1,83.2,81.3,4.3,84.4,8.9,84.3
Student_868,1868,88.3,94.8,65.3,81.2,79.5,4.1,50.8,6.6,79.3
Student_869,1869,91.6,76.7,68.7,83.8,82.9,4.1,82.2,4.0,77.0
Student_870,1870,100.0,87.0,59.1,76.9,66.7,4.8,61.5,7.1,77.3
Student_871,1871,83.2,58.3,79.9,80.6,80.0,2.2,86.4,7.5,73.3
Student_872,1872,77.0,76.9,83.0,67.7,79.1,4.6,75.0,6.4,77.8
Student_873,1873,71.2,61.8,58.8,76.8,80.3,3.3,66.9,5.7,66.0
Student_874,1874,77.7,57.3,69.5,93.9,78.7,4.3,61.1,7.2,71.6
Student_875,1875,84.7,66.1,58.8,83.2,65.3,5.4,82.3,5.6,71.1
Student_876,1876,100.0,89.3,64.2,79.8,64.8,2.2,88.9,9.8,79.4
Student_877,1877,79.8,86.4,81.6,99.0,55.9,3.6,62.0,9.3,80.8
Student_878,1878,87.2,77.9,66.2,66.4,86.2,3.8,53.0,8.0,74.7
Student_879,1879,84.8,56.6,71.4,68.9,86.3,3.2,80.4,7.1,71.0
Student_880,1880,96.9,72.6,55.5,97.1,86.4,5.3,48.3,6.0,75.7
Student_881,1881,100.0,78.6,77.2,80.5,81.1,2.9,50.4,7.0,79.1
Student_882,1882,79.7,77.1,74.5,77.6,56.7,3.2,54.1,9.5,74.1
Student_883,1883,80.1,52.9,66.3,68.0,67.7,2.9,63.8,8.3,65.7
Student_884,1884,95.4,64.3,72.7,84.5,79.7,5.6,50.0,7.3,76.7
Student_885,1885,91.8,74.2,77.2,85.4,79.4,3.3,40.9,8.4,77.6
Student_886,1886,100.0,81.4,65.2,69.1,75.8,4.7,53.0,7.8,77.4
Student_887,1887,90.8,48.6,57.3,78.6,81.7,7.0,79.6,7.6,70.9
Student_888,1888,81.4,73.1,96.7,76.6,78.1,3.9,50.9,8.5,80.8
Student_889,1889,90.9,76.7,67.4,82.6,79.2,5.7,64.9,7.8,78.8
Student_890,1890,96.1,85.2,73.8,68.8,71.6,6.5,99.2,8.3,83.8
Student_891,1891,93.2,83.3,87.1,92.5,87.8,5.5,69.3,7.2,87.1
Student_892,1892,90.1,82.0,100.0,89.2,73.7,4.0,75.1,6.6,86.4
Student_893,1893,95.7,65.4,60.1,76.4,64.7,5.0,55.8,6.2,70.7
Student_894,1894,96.7,52.1,80.4,77.8,70.3,2.1,100.0,6.0,72.6
Student_895,1895,98.8,70.3,66.5,78.6,74.5,2.8,61.9,4.6,72.6
Student_896,1896,91.5,87.0,68.5,72.2,87.9,3.1,66.6,5.6,77.9
Student_897,1897,83.3,91.7,66.4,75.6,77.6,7.4,89.8,5.6,82.0
Student_898,1898,86.5,83.5,61.5,77.3,76.1,2.8,67.3,6.2,73.9
Student_899,1899,97.1,80.2,74.5,96.1,65.5,2.8,70.7,9.3,80.3
Student_900,1900,76.8,79.6,57.3,89.5,85.9,2.4,65.8,6.8,72.4
Student_901,1901,88.7,68.3,86.4,89.3,71.5,4.8,65.9,7.4,79.9
Student_902,1902,81.1,73.4,75.7,83.7,77.0,4.2,75.6,7.4,77.1
Student_903,1903,85.3,95.0,80.1,68.8,92.8,5.6,78.3,9.4,87.0
Student_904,1904,97.8,63.7,69.4,79.6,83.1,5.0,60.4,6.1,75.3
Student_905,1905,86.9,94.4,70.6,89.7,61.7,1.9,58.5,6.7,77.6
Student_906,1906,85.5,71.1,78.5,67.4,60.3,2.8,60.9,6.8,72.2
Student_907,1907,71.4,90.9,61.0,86.4,77.4,6.0,49.0,8.7,77.8
Student_908,1908,92.5,58.1,70.7,100.0,65.9,3.7,46.1,9.0,73.2
Student_909,1909,91.5,82.0,64.7,90.6,84.5,5.8,74.5,7.7,81.3
Student_910,1910,100.0,66.2,64.3,94.1,78.4,3.8,84.1,8.8,77.2
Student_911,1911,81.9,58.0,49.7,82.2,79.7,2.5,83.1,7.3,65.7
Student_912,1912,87.2,77.6,91.1,89.7,70.9,3.5,34.3,6.7,79.9
Student_913,1913,87.5,87.1,66.8,72.8,95.4,2.5,66.3,8.8,78.6
Student_914,1914,100.0,64.9,89.0,88.0,100.0,3.2,53.5,7.7,82.0
Student_915,1915,84.0,57.0,87.8,86.5,75.2,4.3,72.2,5.9,75.8
Student_916,1916,87.8,73.9,59.6,82.9,81.5,4.8,63.7,8.5,75.2
Student_917,1917,91.1,74.0,61.9,93.2,79.0,1.6,78.9,6.7,73.8
Student_918,1918,86.9,81.6,100.0,74.6,75.4,4.0,69.7,6.5,84.1
Student_919,1919,80.5,86.4,96.0,78.1,69.7,3.1,41.6,8.3,81.8
Student_920,1920,86.9,74.3,74.6,81.0,67.2,3.0,55.5,6.9,74.3
Student_921,1921,95.7,97.3,78.1,69.7,66.6,4.2,70.1,7.6,83.3
Student_922,1922,74.7,77.7,67.4,82.3,82.1,3.2,71.4,8.0,74.6
Student_923,1923,86.3,70.8,80.2,62.8,72.8,6.1,48.9,5.8,75.7
Student_924,1924,78.0,55.7,66.4,90.5,52.2,5.8,47.0,7.6,68.4
Student_925,1925,97.0,71.8,50.6,80.5,82.4,5.8,70.8,9.0,75.3
Student_926,1926,69.8,71.0,59.1,74.8,77.6,3.3,48.9,5.6,66.8
Student_927,1927,79.4,86.5,75.3,71.7,91.5,2.6,45.0,7.7,77.4
Student_928,1928,88.8,80.5,61.4,77.7,81.7,4.1,63.3,5.8,75.0
Student_929,1929,100.0,60.8,74.2,86.9,63.2,3.8,62.7,8.5,74.9
Student_930,1930,84.3,77.1,62.1,85.5,55.7,3.1,56.8,8.5,71.8
Student_931,1931,79.4,83.1,65.6,72.9,70.8,2.2,59.4,6.5,71.9
Student_932,1932,100.0,93.3,85.2,71.5,71.7,3.9,70.2,10.0,86.4
Student_933,1933,70.5,85.7,78.0,86.6,87.4,3.4,59.2,8.7,79.7
Student_934,1934,63.0,84.1,74.9,72.8,77.9,5.0,71.1,8.1,76.9
Student_935,1935,89.4,75.7,85.5,80.6,89.3,5.0,64.3,8.0,83.0
Student_936,1936,80.0,79.7,80.8,81.2,64.8,5.7,72.5,8.5,80.4
Student_937,1937,74.8,90.0,92.4,83.1,87.7,2.1,83.2,5.5,83.0
Student_938,1938,92.1,59.0,69.5,88.6,85.2,4.6,82.6,7.3,75.7
Student_939,1939,87.4,70.8,69.8,67.4,57.8,2.9,89.3,7.6,72.0
Student_940,1940,79.4,65.7,59.4,60.9,91.2,2.2,82.6,6.4,67.9
Student_941,1941,72.2,79.5,69.9,74.3,78.9,3.4,73.6,7.7,74.5
Student_942,1942,93.7,89.8,86.6,98.0,81.9,5.6,63.5,8.8,89.3
Student_943,1943,91.5,67.8,90.6,100.0,69.4,3.4,64.2,6.4,80.1
Student_944,1944,84.0,46.3,86.5,98.3,90.8,6.3,56.8,6.9,77.3
Student_945,1945,100.0,70.1,53.5,78.1,66.1,4.8,70.1,5.8,71.5
Student_946,1946,74.3,86.0,88.0,62.2,86.3,3.4,80.5,4.3,79.1
Student_947,1947,69.7,81.5,52.9,56.6,86.2,5.7,59.1,8.2,71.1
Student_948,1948,78.1,80.1,85.8,73.9,68.3,4.7,69.4,7.0,79.1
Student_949,1949,84.5,71.6,70.6,78.0,97.8,2.6,59.8,7.1,75.0
Student_950,1950,87.4,59.7,83.4,93.0,80.3,6.8,73.1,5.5,79.4
Student_951,1951,82.6,81.2,59.0,88.7,84.5,4.4,61.8,6.7,75.6
Student_952,1952,88.5,65.0,89.1,82.3,62.7,4.0,58.9,8.6,77.5
Student_953,1953,72.5,100.0,57.4,71.1,99.2,2.7,59.8,7.0,76.5
Student_954,1954,99.4,81.8,67.0,70.4,65.8,5.8,77.5,7.0,78.9
Student_955,1955,84.2,68.0,63.0,82.5,88.2,4.8,68.5,7.3,74.3
Student_956,1956,96.2,67.7,53.9,87.0,68.1,4.9,63.6,5.1,70.9
Student_957,1957,88.4,73.9,76.1,83.9,71.8,3.2,73.9,7.9,77.1
Student_958,1958,89.6,72.1,96.7,69.7,85.9,5.3,63.8,5.1,82.2
Student_959,1959,90.7,88.4,100.0,86.5,88.3,5.4,86.9,5.6,90.7
Student_960,1960,89.5,77.2,76.2,84.3,65.3,3.0,55.4,5.4,75.3
Student_961,1961,91.4,66.2,88.4,69.3,88.9,1.9,67.2,6.7,76.8
Student_962,1962,98.3,97.7,77.8,72.2,88.4,4.9,48.9,6.5,85.3
Student_963,1963,87.0,75.6,81.0,86.9,68.6,1.6,64.8,7.0,76.0
Student_964,1964,92.1,84.2,70.9,77.7,94.0,4.2,44.8,5.6,79.0
Student_965,1965,84.1,67.7,77.3,95.9,63.4,3.3,81.2,8.5,76.3
Student_966,1966,99.4,79.4,81.4,85.0,71.8,5.8,81.5,8.3,84.8
Student_967,1967,78.2,78.7,68.1,75.1,82.8,3.4,81.8,6.7,75.2
Student_968,1968,100.0,52.3,74.1,79.9,69.5,5.7,70.4,6.3,73.9
Student_969,1969,84.6,99.2,74.3,80.6,80.6,3.2,56.8,6.1,81.3
Student_970,1970,70.7,90.5,84.9,72.7,80.4,5.5,58.0,6.5,81.4
Student_971,1971,86.3,70.2,62.2,70.9,76.1,7.1,93.0,4.9,74.9
Student_972,1972,78.2,61.8,74.4,87.0,86.3,2.4,91.5,5.6,72.8
Student_973,1973,93.4,79.2,97.9,88.5,75.7,4.4,71.8,8.3,86.9
Student_974,1974,78.5,76.0,89.0,86.0,80.3,8.1,62.3,7.5,84.6
Student_975,1975,80.5,79.3,91.2,95.2,89.5,4.1,90.5,9.5,86.5
Student_976,1976,66.1,77.3,75.3,74.6,85.9,4.1,59.6,6.6,74.5
Student_977,1977,80.5,81.1,78.9,96.7,85.9,5.2,73.4,6.5,82.4
Student_978,1978,60.8,92.4,87.0,71.0,66.5,4.1,90.3,6.4,79.6
Student_979,1979,69.2,81.8,93.7,69.9,83.2,1.4,57.5,6.5,77.1
Student_980,1980,92.6,62.4,51.6,62.4,69.2,5.7,82.4,6.0,68.4
Student_981,1981,92.9,91.4,59.2,75.5,65.2,1.0,77.8,7.4,74.3
Student_982,1982,89.3,94.7,90.7,75.0,77.3,3.4,69.4,7.0,85.3
Student_983,1983,75.3,100.0,71.7,85.3,69.0,5.8,55.1,6.2,81.4
Student_984,1984,84.5,61.5,66.9,82.4,85.9,3.5,59.1,8.9,72.5
Student_985,1985,85.0,77.9,60.0,68.1,86.1,3.0,74.3,9.8,74.3
Student_986,1986,73.4,50.0,68.3,76.1,59.0,5.3,48.6,8.7,66.2
Student_987,1987,100.0,81.6,58.2,76.3,69.7,2.7,72.0,7.8,74.8
Student_988,1988,93.8,68.4,100.0,62.2,63.4,2.2,78.1,8.1,78.9
Student_989,1989,82.8,98.1,74.7,70.2,73.4,4.4,84.8,9.8,83.5
Student_990,1990,85.3,65.7,74.3,72.3,82.6,3.7,49.0,8.1,73.6
Student_991,1991,87.1,54.7,82.1,94.3,75.6,2.1,89.7,6.1,73.9
Student_992,1992,64.6,69.3,86.5,81.9,72.1,5.0,95.4,7.6,77.6
Student_993,1993,82.5,51.3,86.4,86.6,91.0,4.7,76.2,7.9,77.0
Student_994,1994,78.2,84.0,87.9,65.0,55.0,3.5,54.4,5.5,75.6
Student_995,1995,75.0,50.2,67.4,91.9,90.4,3.6,65.1,6.6,69.1
Student_996,1996,82.2,75.3,71.4,93.0,72.6,4.7,69.3,8.7,78.0
Student_997,1997,100.0,50.1,84.2,60.0,77.2,5.8,74.1,4.3,73.9
Student_998,1998,91.4,71.2,68.7,72.9,72.7,3.6,70.3,5.1,73.0
Student_999,1999,79.3,94.7,74.9,85.0,93.4,5.0,74.2,6.7,84.2
Student_1000,2000,90.7,79.3,79.8,86.4,65.7,4.8,68.6,7.5,80.6
Student_1001,2001,99.0,64.6,84.4,73.2,78.1,5.3,74.0,5.0,78.7
Student_1002,2002,94.2,74.6,53.7,76.9,83.3,4.1,63.1,6.8,72.9
Student_1003,2003,85.6,75.2,83.6,74.0,61.9,2.6,64.9,8.7,76.3
Student_1004,2004,78.5,80.7,72.2,81.1,68.8,3.3,61.4,7.1,74.9
Student_1005,2005,92.0,58.6,83.5,92.0,76.5,4.5,98.8,8.4,79.8
Student_1006,2006,88.9,82.1,84.3,72.3,69.1,6.7,92.0,6.1,83.4
Student_1007,2007,94.0,42.5,94.3,90.0,69.8,3.3,78.3,5.8,74.4
Student_1008,2008,91.4,67.4,91.2,72.2,74.5,5.2,89.9,8.3,81.8
Student_1009,2009,95.5,69.1,91.2,71.5,84.5,3.5,82.0,7.6,81.4
Student_1010,2010,79.6,82.6,92.3,88.2,74.6,4.2,72.7,5.2,82.3
Student_1011,2011,98.2,75.3,78.5,89.2,88.8,6.3,47.4,5.8,82.5
Student_1012,2012,87.0,58.1,75.4,88.5,68.0,5.1,66.1,9.3,75.2
Student_1013,2013,100.0,63.2,85.5,66.8,65.5,2.1,65.0,5.6,73.6
Student_1014,2014,78.1,77.4,83.8,75.3,97.3,3.1,53.0,8.4,79.2
Student_1015,2015,100.0,74.1,71.3,88.2,71.4,5.9,47.7,6.3,78.8
Student_1016,2016,87.0,68.1,79.9,80.4,64.9,4.2,77.4,7.0,76.1
Student_1017,2017,78.5,69.2,74.6,69.3,60.6,2.3,74.9,7.4,70.4
Student_1018,2018,80.2,83.4,64.8,84.6,88.8,2.8,52.5,4.0,73.8
Student_1019,2019,81.8,68.8,90.5,72.9,74.6,5.1,58.8,4.8,77.3
Student_1020,2020,89.2,73.9,75.7,97.9,75.5,5.5,87.4,7.1,81.5
Student_1021,2021,90.2,100.0,99.6,95.4,76.4,4.0,56.8,5.9,90.4
Student_1022,2022,79.3,57.9,55.5,86.0,88.1,7.7,72.6,8.5,73.2
Student_1023,2023,84.8,52.8,68.3,93.6,76.2,5.2,67.2,4.6,70.9
Student_1024,2024,100.0,84.4,75.4,80.6,100.0,3.6,77.6,7.8,84.4
Student_1025,2025,100.0,66.9,88.6,87.7,79.3,2.8,57.2,4.9,78.7
Student_1026,2026,89.4,71.2,79.8,94.8,88.6,2.5,71.4,6.5,78.8
Student_1027,2027,85.4,65.6,78.7,82.5,86.1,4.5,72.5,5.4,76.6
Student_1028,2028,86.2,71.9,61.5,77.4,77.6,3.3,73.5,9.9,73.7
Student_1029,2029,91.1,94.2,61.1,63.0,72.1,6.5,71.2,5.0,78.6
Student_1030,2030,74.8,84.6,78.9,79.2,81.3,6.2,75.2,6.8,81.5
Student_1031,2031,82.4,85.3,58.6,88.2,83.1,4.9,100.0,4.4,77.5
Student_1032,2032,68.3,58.0,68.6,89.5,72.3,2.2,100.0,9.4,69.9
Student_1033,2033,89.0,61.2,81.0,85.0,79.7,3.0,60.4,7.6,75.2
Student_1034,2034,91.5,40.9,63.2,74.6,90.4,5.9,35.2,7.2,67.5
Student_1035,2035,80.2,65.3,94.3,60.2,98.7,3.2,78.9,9.2,79.5
Student_1036,2036,100.0,86.5,89.7,75.0,86.5,5.7,72.8,7.2,88.1
Student_1037,2037,72.7,81.2,56.1,77.0,96.6,4.7,85.9,7.3,75.1
Student_1038,2038,70.4,72.3,63.8,76.9,71.7,4.1,74.3,7.2,70.8
Student_1039,2039,87.2,74.7,47.6,86.2,85.0,2.9,70.9,7.8,71.2
Student_1040,2040,95.5,66.7,65.6,99.9,91.4,3.9,86.9,6.3,77.9
Student_1041,2041,100.0,77.5,84.2,81.2,69.0,4.3,89.0,6.7,82.6
Student_1042,2042,80.4,84.2,70.0,77.8,73.1,5.5,49.2,8.2,77.7
Student_1043,2043,95.8,55.6,80.5,77.4,95.4,2.7,57.8,7.4,75.0
Student_1044,2044,84.6,78.6,56.7,81.2,68.2,3.6,68.4,6.8,71.9
Student_1045,2045,83.3,86.2,84.6,71.7,64.6,4.1,71.5,4.9,78.9
Student_1046,2046,93.8,70.0,68.3,81.2,93.3,5.0,66.6,9.2,79.0
Student_1047,2047,91.5,83.4,75.1,84.5,90.0,2.6,76.5,6.0,80.3
Student_1048,2048,69.2,100.0,73.9,82.1,82.3,2.0,84.9,8.5,80.9
Student_1049,2049,99.8,73.7,59.7,84.6,77.5,5.0,95.8,7.3,78.0
Student_1050,2050,98.8,79.7,61.2,84.3,73.6,1.7,78.7,5.1,74.0
Student_1051,2051,78.7,66.1,86.6,62.3,80.8,5.9,57.2,8.9,77.5
Student_1052,2052,89.0,77.2,79.8,86.4,93.8,3.8,67.8,7.4,81.5
Student_1053,2053,89.9,80.5,87.6,73.3,80.4,1.7,68.9,9.0,80.5
Student_1054,2054,87.6,77.3,78.9,69.0,99.7,3.3,77.7,6.7,79.6
Student_1055,2055,79.5,62.8,76.7,69.0,69.0,4.6,75.8,8.1,73.1
Student_1056,2056,78.3,77.5,54.3,84.3,77.8,3.2,100.0,4.4,71.3
Student_1057,2057,84.7,92.5,71.8,77.8,74.3,4.0,63.1,6.2,79.2
Student_1058,2058,96.7,80.4,74.7,63.2,67.1,5.1,75.8,5.1,77.7
Student_1059,2059,90.4,86.5,98.4,84.8,76.5,3.7,100.0,6.4,87.9
Student_1060,2060,81.3,72.2,83.2,65.6,82.2,2.6,61.2,7.7,75.3
Student_1061,2061,92.7,84.0,93.4,81.4,83.2,3.6,72.2,6.1,85.0
Student_1062,2062,56.5,78.4,82.2,82.4,99.7,6.1,55.8,8.3,79.9
Student_1063,2063,96.5,63.6,66.5,88.9,82.6,6.5,71.2,5.7,77.0
Student_1064,2064,67.6,78.8,76.4,97.8,89.5,1.0,58.3,8.3,75.7
Student_1065,2065,81.4,63.1,77.8,66.4,78.7,5.6,85.7,9.0,76.3
Student_1066,2066,73.8,67.4,63.7,79.5,94.8,4.4,72.2,8.5,73.5
Student_1067,2067,72.1,77.3,70.4,77.2,100.0,5.4,56.0,6.5,77.0
Student_1068,2068,96.6,78.6,72.5,84.3,83.3,3.2,82.6,4.0,78.3
Student_1069,2069,80.3,60.7,94.3,82.2,68.1,1.3,72.7,7.9,74.7
Student_1070,2070,88.5,87.6,50.0,76.5,72.5,4.9,84.3,6.8,75.2
Student_1071,2071,84.5,81.9,89.5,75.6,80.8,2.6,52.8,5.5,79.2
Student_1072,2072,89.8,66.5,63.8,68.8,82.6,1.9,75.5,6.2,69.9
Student_1073,2073,85.8,56.5,58.5,89.9,85.0,2.0,81.6,9.2,69.8
Student_1074,2074,72.2,73.3,89.2,84.6,82.6,4.9,63.6,5.3,78.9
Student_1075,2075,95.0,69.6,83.8,89.2,78.1,4.2,51.1,7.7,79.9
Student_1076,2076,80.1,76.4,90.1,76.9,71.6,5.2,69.4,7.3,80.8
Student_1077,2077,69.4,70.6,84.6,73.4,82.0,5.0,88.4,6.5,77.4
Student_1078,2078,80.7,50.9,99.7,69.2,96.5,3.4,86.9,8.0,78.1
Student_1079,2079,100.0,70.3,81.7,83.6,88.2,3.9,63.6,9.4,82.0
Student_1080,2080,93.5,71.3,73.1,69.6,83.3,3.2,50.8,6.6,74.5
Student_1081,2081,81.5,82.6,79.1,98.5,88.3,3.7,63.5,6.6,81.5
Student_1082,2082,81.5,66.6,89.9,66.9,74.3,2.5,63.0,7.9,75.1
Student_1083,2083,81.8,95.1,65.6,82.7,72.9,4.6,76.7,8.4,80.6
Student_1084,2084,100.0,52.1,67.2,95.7,70.5,5.6,68.4,6.8,73.9
Student_1085,2085,88.8,90.7,71.3,86.0,76.7,2.8,58.7,6.5,79.1
Student_1086,2086,89.3,72.3,49.7,81.8,73.8,5.9,86.6,4.0,71.7
Student_1087,2087,95.3,85.3,76.7,70.3,90.1,4.2,72.1,5.8,81.5
Student_1088,2088,87.4,76.0,52.4,66.2,73.2,4.4,76.5,5.3,70.1
Student_1089,2089,82.4,88.7,75.6,87.7,70.0,1.5,44.1,8.0,76.9
Student_1090,2090,83.0,70.4,85.4,95.1,97.4,1.3,33.6,6.6,77.0
Student_1091,2091,84.3,61.8,69.3,75.6,73.5,4.2,48.4,6.6,70.2
Student_1092,2092,84.6,92.0,95.1,68.6,79.5,5.2,62.8,7.0,86.1
Student_1093,2093,92.3,73.6,57.5,55.4,82.5,3.0,78.6,5.7,70.2
Student_1094,2094,85.5,77.7,89.3,70.2,66.6,6.5,34.9,9.3,81.2
Student_1095,2095,92.3,89.8,83.1,78.9,90.4,5.1,93.9,8.9,88.2
Student_1096,2096,84.2,62.6,54.4,96.0,84.4,2.6,72.6,9.4,70.9
Student_1097,2097,85.8,82.1,100.0,86.7,93.6,4.0,90.4,8.0,89.0
Student_1098,2098,65.0,67.9,74.2,83.1,71.2,7.7,56.7,7.0,74.8
Student_1099,2099,94.2,73.4,64.5,76.0,79.0,2.1,77.6,9.4,74.7
Student_1100,2100,88.5,75.9,58.1,74.2,78.4,4.8,71.3,6.0,73.4
Student_1101,2101,95.0,57.0,72.4,94.1,80.6,3.5,82.3,5.7,74.5
Student_1102,2102,56.0,65.7,73.5,82.0,63.5,5.1,66.5,6.1,69.2
Student_1103,2103,100.0,91.2,76.2,59.0,79.1,5.9,77.1,7.8,84.3
Student_1104,2104,83.6,85.6,71.4,73.3,63.7,3.4,86.5,5.9,76.2
Student_1105,2105,96.1,74.2,82.6,71.4,81.6,5.7,60.2,6.8,80.9
Student_1106,2106,74.6,77.9,70.3,74.5,56.7,7.3,73.6,4.6,74.6
Student_1107,2107,91.1,71.5,51.8,85.6,59.5,4.1,41.7,7.7,68.9
Student_1108,2108,74.5,91.3,73.2,78.9,86.2,5.2,80.5,4.7,80.3
Student_1109,2109,78.8,72.6,46.6,79.2,72.5,3.1,99.3,5.6,67.8
Student_1110,2110,100.0,77.8,79.2,93.1,68.1,4.0,51.3,8.8,81.4
Student_1111,2111,83.1,88.8,63.2,73.0,90.7,3.7,68.6,8.8,78.4
Student_1112,2112,87.2,65.7,77.0,98.6,81.3,5.2,83.2,7.6,79.9
Student_1113,2113,93.7,93.7,90.8,73.3,86.7,5.8,70.5,7.4,89.2
Student_1114,2114,90.0,56.6,63.6,80.9,76.3,3.8,72.5,6.2,69.7
Student_1115,2115,86.5,94.6,87.7,77.2,100.0,6.3,64.1,5.8,88.7
Student_1116,2116,88.6,70.5,69.8,81.2,72.0,6.3,63.6,6.5,76.4
Student_1117,2117,100.0,72.1,96.0,84.4,95.4,5.3,68.7,4.7,86.1
Student_1118,2118,84.4,52.3,70.6,84.3,77.4,3.2,70.6,7.4,70.0
Student_1119,2119,87.0,69.5,64.9,72.5,61.5,3.1,52.3,7.1,69.3
Student_1120,2120,95.5,62.5,83.2,68.8,82.8,2.8,69.0,5.6,75.0
Student_1121,2121,96.1,67.7,69.8,100.0,81.1,5.4,93.5,9.4,81.6
Student_1122,2122,96.9,73.4,64.9,75.2,67.5,2.2,63.7,7.9,72.7
Student_1123,2123,91.4,86.5,69.3,87.0,68.8,5.0,51.4,8.0,79.9
Student_1124,2124,73.6,77.5,74.5,63.9,77.8,2.4,67.7,6.3,72.1
Student_1125,2125,100.0,78.7,91.1,77.2,81.5,5.2,59.3,7.0,85.1
Student_1126,2126,73.5,61.9,51.8,78.7,53.3,4.0,49.9,7.9,63.1
Student_1127,2127,88.0,64.4,75.3,84.7,88.5,6.0,72.1,7.2,78.7
Student_1128,2128,77.5,96.6,82.5,52.8,73.1,5.7,59.3,9.4,82.4
Student_1129,2129,84.4,66.2,77.3,81.7,64.7,6.2,60.6,6.7,75.7
Student_1130,2130,88.3,94.9,90.7,68.5,87.4,6.2,72.3,6.2,88.2
Student_1131,2131,88.2,72.1,74.1,83.2,77.8,4.2,47.0,8.0,76.5
Student_1132,2132,89.2,75.0,72.8,69.6,90.2,2.3,43.9,5.1,73.4
Student_1133,2133,100.0,87.8,82.1,71.4,82.4,2.4,80.1,8.4,83.4
Student_1134,2134,89.5,90.3,76.2,77.3,78.0,0.9,41.0,5.0,76.0
Student_1135,2135,82.6,73.7,70.3,69.5,76.5,2.4,55.3,8.0,72.2
Student_1136,2136,94.6,70.3,81.2,75.2,82.8,4.1,43.0,6.0,77.2
Student_1137,2137,96.9,74.3,67.2,68.1,73.9,3.2,62.7,7.7,74.4
Student_1138,2138,72.7,79.1,67.7,61.7,69.5,3.7,76.4,8.4,72.4
Student_1139,2139,91.0,85.7,68.7,90.2,84.1,4.7,71.7,7.2,81.6
Student_1140,2140,92.0,75.1,91.2,67.0,76.6,3.5,100.0,5.2,80.8
Student_1141,2141,82.0,82.4,36.3,78.2,78.3,2.3,86.3,5.7,67.0
Student_1142,2142,98.8,94.7,79.7,87.5,88.9,3.9,56.0,5.9,85.8
Student_1143,2143,83.5,79.6,75.4,73.9,76.9,2.7,52.0,4.2,73.8
Student_1144,2144,86.3,78.7,54.8,71.7,78.2,3.6,100.0,8.7,74.2
Student_1145,2145,83.3,56.8,78.7,82.3,72.0,6.0,85.9,7.2,75.6
Student_1146,2146,85.2,43.4,80.7,91.2,82.3,3.6,78.8,5.3,71.3
Student_1147,2147,74.0,79.7,82.1,68.3,81.5,6.7,71.1,9.2,81.4
Student_1148,2148,70.6,73.9,43.2,78.5,87.0,6.1,74.1,5.9,69.1
Student_1149,2149,100.0,68.8,91.4,62.7,72.2,3.1,47.8,7.4,77.7
Student_1150,2150,76.5,77.9,66.1,76.1,73.4,2.3,72.4,5.8,71.2
Student_1151,2151,75.1,74.3,83.2,80.3,85.9,3.9,71.1,4.0,76.8
Student_1152,2152,63.5,88.5,83.9,71.5,80.5,5.7,56.4,5.0,78.8
Student_1153,2153,78.6,76.0,64.5,75.4,68.9,3.3,61.9,6.3,70.9
Student_1154,2154,71.8,66.0,82.9,65.9,91.1,5.4,92.7,8.3,77.9
Student_1155,2155,100.0,86.9,70.4,80.8,61.0,5.8,68.1,7.5,81.4
Student_1156,2156,95.1,72.4,50.1,90.6,85.8,2.8,100.0,7.2,73.9
Student_1157,2157,78.1,81.3,89.0,69.0,65.3,3.0,43.9,4.0,74.8
Student_1158,2158,100.0,69.3,65.7,73.8,96.9,5.1,62.2,8.9,78.5
Student_1159,2159,94.8,67.2,64.7,85.0,62.6,4.2,46.8,7.3,72.2
Student_1160,2160,81.8,76.0,70.2,92.1,89.5,3.0,51.9,6.8,75.9
Student_1161,2161,60.0,75.2,78.3,65.1,77.2,3.5,57.6,8.7,72.2
Student_1162,2162,100.0,80.8,74.3,78.3,74.3,3.9,74.7,8.9,81.0
Student_1163,2163,71.1,71.8,81.6,82.8,79.9,1.7,74.0,8.7,75.1
Student_1164,2164,68.5,53.0,58.9,79.0,84.3,5.1,59.8,6.6,66.0
Student_1165,2165,95.2,69.8,66.1,55.2,69.0,3.3,36.6,5.5,68.5
Student_1166,2166,100.0,84.5,73.6,85.0,69.8,0.0,92.2,8.5,78.9
Student_1167,2167,98.8,71.4,97.8,95.2,84.5,4.0,65.7,5.0,84.9
Student_1168,2168,90.6,72.0,73.6,81.2,60.9,2.9,53.3,9.9,74.7
Student_1169,2169,90.9,86.8,88.0,69.7,72.2,6.5,74.1,7.0,85.2
Student_1170,2170,93.5,66.5,75.5,74.9,100.0,3.1,73.1,5.4,76.4
Student_1171,2171,92.6,56.5,69.2,97.7,68.3,2.4,65.2,5.2,70.2
Student_1172,2172,87.8,73.1,72.0,89.1,89.5,4.8,72.2,5.1,78.3
Student_1173,2173,86.0,69.2,73.0,86.4,72.1,3.0,52.7,7.2,73.5
Student_1174,2174,84.4,63.4,82.2,83.6,83.1,2.8,81.4,7.0,76.1
Student_1175,2175,77.5,72.9,91.5,73.4,84.5,4.8,55.0,5.1,78.6
Student_1176,2176,82.2,80.9,79.3,78.0,89.3,2.4,60.9,6.5,77.7
Student_1177,2177,68.1,74.9,89.2,79.2,76.0,1.8,79.7,4.9,75.0
Student_1178,2178,84.0,78.7,63.4,85.5,97.9,6.6,88.1,7.9,81.4
Student_1179,2179,75.1,96.8,70.0,95.1,72.1,4.9,93.8,6.9,82.8
Student_1180,2180,74.0,70.9,66.3,91.2,80.3,3.6,85.8,6.4,73.6
Student_1181,2181,86.8,78.3,78.8,65.8,80.5,4.0,65.1,5.1,76.7
Student_1182,2182,98.9,68.9,70.7,82.2,66.8,4.8,46.9,6.5,75.1
Student_1183,2183,94.2,64.8,83.8,87.4,75.1,5.5,91.1,6.4,80.7
Student_1184,2184,69.3,68.0,63.8,86.2,79.6,2.9,90.6,7.5,71.1
Student_1185,2185,75.1,69.3,75.5,73.7,73.7,4.5,59.9,7.3,73.4
Student_1186,2186,94.4,79.3,83.2,100.0,100.0,3.2,83.8,8.2,86.3
Student_1187,2187,75.2,100.0,50.2,67.2,69.6,3.7,65.0,6.3,72.6
Student_1188,2188,82.8,66.4,100.0,69.2,89.8,4.2,92.5,4.2,80.9
Student_1189,2189,90.5,70.0,71.6,82.3,86.6,4.0,62.3,8.5,77.3
Student_1190,2190,75.3,74.2,50.7,100.0,77.9,5.1,99.7,5.6,73.2
Student_1191,2191,86.1,79.7,76.9,71.6,69.3,4.7,81.8,5.3,77.5
Student_1192,2192,71.7,78.2,75.4,77.3,70.3,1.7,97.0,6.9,73.9
Student_1193,2193,79.0,90.4,74.0,90.8,72.8,2.0,63.0,7.5,78.2
Student_1194,2194,88.2,45.9,86.9,79.8,60.1,3.4,76.1,6.2,70.8
Student_1195,2195,69.1,46.4,84.0,76.7,68.0,6.7,55.5,6.2,69.9
Student_1196,2196,89.4,69.0,78.6,85.7,63.2,2.7,82.7,6.4,75.2
Student_1197,2197,84.8,88.2,80.4,82.7,91.5,3.7,83.5,9.1,84.7
Student_1198,2198,90.5,56.2,73.7,90.3,84.2,3.2,100.0,7.0,75.2
Student_1199,2199,87.2,38.9,96.3,92.9,85.9,3.2,77.2,5.5,74.5
Student_1200,2200,98.6,81.9,57.2,83.1,83.9,4.3,80.9,5.6,77.4
Student_1201,2201,86.3,77.9,76.7,82.9,79.7,6.1,62.9,6.6,80.4
Student_1202,2202,80.7,61.9,75.8,82.1,92.6,4.7,78.1,7.4,76.3
Student_1203,2203,86.2,63.2,84.8,84.9,71.9,2.8,64.3,7.7,75.5
Student_1204,2204,90.4,63.4,64.9,80.6,79.1,8.1,71.7,7.2,76.9
Student_1205,2205,85.5,76.3,54.1,80.0,85.5,4.1,72.6,5.7,72.6
Student_1206,2206,85.4,67.5,76.9,92.0,64.8,3.1,64.7,6.4,74.1
Student_1207,2207,78.0,80.9,78.4,95.2,100.0,6.1,70.9,8.1,84.7
Student_1208,2208,78.4,40.7,92.9,64.9,78.3,3.3,64.4,5.3,68.6
Student_1209,2209,71.0,64.7,59.8,80.1,79.4,6.5,64.3,6.3,70.6
Student_1210,2210,100.0,61.5,88.9,73.1,90.6,2.7,86.1,7.9,79.9
Student_1211,2211,72.6,71.9,100.0,76.9,87.1,6.1,72.6,8.3,84.2
Student_1212,2212,78.1,68.5,70.5,84.0,78.4,4.3,75.2,6.7,74.1
Student_1213,2213,77.8,84.6,59.5,86.7,79.3,5.9,48.1,6.4,75.8
Student_1214,2214,93.9,52.7,70.1,78.9,63.0,6.9,76.4,5.0,72.1
Student_1215,2215,82.1,75.5,75.2,60.9,72.4,2.3,78.0,7.8,73.5
Student_1216,2216,97.5,81.7,81.8,70.3,83.2,5.9,64.0,9.0,84.5
Student_1217,2217,78.3,97.3,67.9,89.0,82.4,1.9,100.0,10.0,82.1
Student_1218,2218,87.8,69.2,93.7,52.6,90.2,2.4,35.7,7.6,76.1
Student_1219,2219,76.6,78.9,61.6,91.9,76.8,2.8,81.8,6.9,73.8
Student_1220,2220,100.0,53.4,54.1,85.2,64.1,4.8,80.7,5.6,68.4
Student_1221,2221,73.1,46.3,88.3,93.2,88.6,4.0,78.1,4.2,72.7
Student_1222,2222,88.1,85.1,47.7,78.0,92.4,3.7,72.6,7.3,74.5
Student_1223,2223,91.3,74.9,72.6,59.4,87.0,4.2,78.3,10.0,78.4
Student_1224,2224,89.1,89.1,100.0,84.3,76.4,4.9,83.0,8.9,90.3
Student_1225,2225,83.1,58.5,74.9,92.7,88.4,5.0,59.1,8.7,76.2
Student_1226,2226,83.7,81.2,61.6,89.2,100.0,5.6,74.5,7.4,80.2
Student_1227,2227,85.4,97.4,74.3,73.4,79.2,6.7,67.3,7.5,84.9
Student_1228,2228,83.5,80.0,74.4,80.9,64.9,4.0,53.6,4.0,74.4
Student_1229,2229,94.6,78.3,76.9,74.7,72.1,3.2,80.8,8.1,78.9
Student_1230,2230,100.0,75.1,82.9,71.8,84.3,4.9,61.5,6.1,81.0
Student_1231,2231,79.4,56.1,62.5,89.6,62.0,2.3,47.5,5.9,64.4
Student_1232,2232,71.3,91.3,95.3,68.0,79.7,3.0,61.9,6.5,81.5
Student_1233,2233,84.1,67.7,77.9,71.1,81.8,5.5,58.0,6.5,75.9
Student_1234,2234,100.0,81.1,83.7,69.0,93.4,3.8,85.4,5.9,83.5
Student_1235,2235,77.0,56.2,67.5,65.1,91.1,2.2,72.3,7.0,67.4
Student_1236,2236,100.0,60.8,90.4,81.5,86.6,1.8,90.7,6.2,79.1
Student_1237,2237,100.0,92.2,71.9,91.6,56.4,4.1,60.0,7.2,81.5
Student_1238,2238,79.5,70.8,78.3,78.2,87.2,5.7,83.1,4.8,78.1
Student_1239,2239,90.7,92.4,63.8,64.9,85.1,5.7,100.0,6.7,81.7
Student_1240,2240,100.0,74.1,63.0,88.4,80.6,4.2,75.3,5.4,76.9
Student_1241,2241,81.2,52.9,83.3,96.9,60.7,7.0,82.9,6.0,76.2
Student_1242,2242,83.0,85.7,69.7,73.5,70.2,3.8,80.4,7.2,77.1
Student_1243,2243,79.2,67.9,64.8,75.2,66.3,3.8,48.7,4.6,67.7
Student_1244,2244,74.9,83.4,67.3,85.2,57.8,0.1,78.8,5.8,70.2
Student_1245,2245,78.5,75.3,83.4,96.2,78.0,3.3,74.6,7.9,79.9
Student_1246,2246,72.8,56.5,67.5,74.8,70.0,5.3,66.1,4.9,67.4
Student_1247,2247,85.3,77.0,73.6,66.7,100.0,6.3,56.7,9.7,81.1
Student_1248,2248,77.3,100.0,75.2,86.3,76.3,2.8,80.4,8.8,82.9
Student_1249,2249,87.3,80.9,52.0,88.0,90.9,4.7,55.4,6.3,74.8
Student_1250,2250,69.4,74.3,57.3,80.1,62.3,5.6,100.0,5.8,71.0
Student_1251,2251,88.3,87.9,79.0,74.4,72.7,4.0,71.7,7.3,81.0
Student_1252,2252,93.3,77.5,66.2,89.9,79.0,0.6,51.7,4.8,72.4
Student_1253,2253,65.1,77.5,87.7,85.3,68.9,4.4,62.3,4.0,76.0
Student_1254,2254,88.7,61.9,86.6,72.3,73.8,5.1,65.8,6.3,76.7
Student_1255,2255,97.3,77.8,83.6,80.5,75.8,2.6,100.0,6.8,81.6
Student_1256,2256,72.9,87.4,96.8,66.5,75.7,3.6,56.7,7.1,81.2
Student_1257,2257,100.0,65.0,74.0,86.9,96.6,2.3,68.3,6.1,76.8
Student_1258,2258,89.2,92.1,82.8,77.4,81.8,0.1,61.9,8.9,80.7
Student_1259,2259,77.9,73.9,68.0,75.6,82.8,5.5,77.5,4.8,74.8
Student_1260,2260,84.4,64.3,100.0,79.7,83.4,4.0,62.2,5.3,79.9
Student_1261,2261,90.6,87.0,98.8,80.4,84.1,6.4,52.9,7.7,89.3
Student_1262,2262,85.8,71.6,75.1,88.9,77.2,5.3,67.1,5.3,77.5
Student_1263,2263,90.4,84.1,79.6,85.9,74.8,3.5,65.5,5.2,80.0
Student_1264,2264,75.8,71.5,91.3,78.4,79.7,3.9,61.1,7.2,78.3
Student_1265,2265,86.7,74.3,73.2,87.6,89.6,4.8,61.9,5.4,78.2
Student_1266,2266,70.9,80.9,67.1,84.0,89.3,5.5,87.8,6.8,78.3
Student_1267,2267,83.9,78.5,85.5,75.7,75.6,4.5,65.2,6.0,79.5
Student_1268,2268,76.0,51.1,75.9,78.8,85.7,5.7,53.0,5.7,70.8
Student_1269,2269,77.6,61.5,77.2,78.5,76.1,3.6,63.1,4.0,70.6
Student_1270,2270,97.4,86.2,65.0,85.1,78.3,2.5,70.8,7.2,78.4
Student_1271,2271,95.9,73.4,54.4,76.3,73.3,3.9,50.0,5.1,70.2
Student_1272,2272,91.1,68.7,77.8,76.1,76.2,4.3,94.4,6.7,77.9
Student_1273,2273,74.1,58.7,85.9,99.7,91.4,2.2,83.0,6.2,75.9
Student_1274,2274,81.8,62.0,72.3,89.4,78.9,2.0,91.5,6.7,72.6
Student_1275,2275,97.1,50.7,92.2,72.4,79.4,4.7,75.9,6.8,77.4
Student_1276,2276,86.4,73.8,66.6,85.7,63.5,3.4,38.6,7.3,71.9
Student_1277,2277,100.0,67.8,62.3,81.2,74.9,3.8,93.0,5.9,74.5
Student_1278,2278,88.9,63.4,74.2,83.9,75.6,3.5,57.0,8.9,74.5
Student_1279,2279,86.9,74.2,74.0,81.4,69.7,6.3,58.3,4.2,76.5
Student_1280,2280,81.9,79.4,84.2,91.9,78.2,5.9,72.3,6.7,83.1
Student_1281,2281,86.3,100.0,65.7,83.5,73.7,2.1,90.7,8.3,80.9
Student_1282,2282,83.5,56.9,91.4,79.4,78.8,3.2,85.8,7.7,76.7
Student_1283,2283,92.1,88.9,98.6,90.4,79.2,5.3,83.6,5.5,89.9
Student_1284,2284,94.6,86.7,74.5,82.3,68.4,4.9,65.3,5.8,80.6
Student_1285,2285,77.1,65.7,90.0,81.2,74.0,3.9,65.1,5.5,75.9
Student_1286,2286,71.7,77.4,62.3,83.1,78.8,2.3,75.2,7.9,72.0
Student_1287,2287,66.6,69.5,87.9,79.1,89.8,3.0,68.0,5.9,75.5
Student_1288,2288,90.1,77.2,87.6,80.1,80.6,3.2,83.3,7.4,81.9
Student_1289,2289,74.0,93.1,85.4,74.1,71.4,4.4,82.5,7.4,82.5
Student_1290,2290,63.5,82.3,74.8,72.5,82.0,6.6,78.9,10.0,79.7
Student_1291,2291,88.9,81.1,39.5,70.0,95.1,3.0,32.1,7.5,68.3
Student_1292,2292,100.0,69.8,67.3,66.1,87.2,2.5,71.9,5.8,73.6
Student_1293,2293,84.9,57.2,67.5,71.2,83.5,3.8,68.4,4.8,69.0
Student_1294,2294,93.4,72.5,63.3,78.3,85.3,5.5,72.5,6.6,76.8
Student_1295,2295,85.8,89.5,76.5,81.0,92.4,1.8,58.7,6.8,79.8
Student_1296,2296,84.0,56.7,70.0,77.3,88.8,6.2,50.1,4.0,71.6
Student_1297,2297,94.2,62.3,65.1,56.4,83.7,3.7,76.9,5.9,70.5
Student_1298,2298,82.1,76.5,62.3,95.7,88.7,2.9,64.7,7.4,75.3
Student_1299,2299,87.7,63.2,66.4,90.9,67.2,1.6,78.6,6.2,70.0
Student_1300,2300,88.2,65.5,88.5,84.5,63.0,5.1,59.9,8.5,78.9
Student_1301,2301,78.3,69.9,67.1,99.1,79.6,3.7,91.2,4.7,74.4
Student_1302,2302,94.9,58.6,68.8,70.2,78.7,4.3,85.0,8.0,73.6
Student_1303,2303,83.3,63.3,69.5,98.9,72.6,2.6,74.5,8.4,73.3
Student_1304,2304,77.4,83.4,79.1,70.3,86.3,3.5,66.8,8.4,79.0
Student_1305,2305,90.4,59.3,80.5,82.4,59.4,3.3,82.8,4.7,72.4
Student_1306,2306,76.0,55.8,38.5,67.3,72.7,3.8,75.9,7.5,60.3
Student_1307,2307,85.3,67.4,87.3,80.1,73.2,3.0,73.6,6.0,76.5
Student_1308,2308,84.9,83.8,92.2,83.9,61.6,1.7,85.6,4.9,79.7
Student_1309,2309,95.9,72.6,62.4,78.5,92.9,8.1,91.4,6.4,81.1
Student_1310,2310,89.7,69.4,63.3,87.1,64.4,2.0,51.2,5.6,69.1
Student_1311,2311,84.7,75.5,69.6,81.0,72.1,4.3,54.2,8.4,75.5
Student_1312,2312,93.2,54.1,65.9,74.8,87.1,1.3,58.3,7.8,68.3
Student_1313,2313,98.9,80.9,77.7,74.3,84.5,1.0,47.5,5.3,76.4
Student_1314,2314,90.6,79.6,51.6,88.1,66.9,4.1,69.1,5.9,72.4
Student_1315,2315,85.1,70.1,61.6,73.5,84.8,4.3,79.0,6.4,73.0
Student_1316,2316,71.9,87.1,93.5,89.2,80.9,5.9,69.7,6.9,85.7
Student_1317,2317,74.3,61.5,63.9,92.2,100.0,4.6,62.0,8.5,73.6
Student_1318,2318,81.9,88.5,89.9,63.3,82.0,3.8,86.9,8.0,83.5
Student_1319,2319,78.9,76.9,79.3,91.3,76.6,2.6,72.1,7.1,77.5
Student_1320,2320,83.1,71.0,53.3,100.0,69.4,6.2,75.1,6.6,73.7
Student_1321,2321,85.6,74.8,82.6,82.5,70.6,5.4,87.3,4.3,79.4
Student_1322,2322,90.3,73.7,73.6,86.0,69.7,2.1,68.2,8.9,75.8
Student_1323,2323,84.3,89.6,69.5,90.4,91.7,4.1,100.0,6.3,82.9
Student_1324,2324,89.9,62.1,77.9,77.2,78.2,4.2,63.3,9.3,76.0
Student_1325,2325,85.6,65.8,80.7,81.8,83.7,3.5,100.0,7.3,78.2
Student_1326,2326,65.2,87.4,83.5,66.9,93.1,5.2,55.4,10.0,81.4
Student_1327,2327,75.6,67.9,89.1,81.4,54.4,5.2,77.8,7.9,77.2
Student_1328,2328,83.6,85.8,79.9,85.0,90.8,3.7,60.4,4.9,80.8
Student_1329,2329,72.9,95.4,58.5,85.2,78.6,3.6,86.8,6.1,76.7
Student_1330,2330,91.0,70.2,69.3,90.7,82.4,6.2,62.8,6.7,78.5
Student_1331,2331,100.0,83.2,100.0,72.3,69.7,5.4,74.4,5.7,87.0
Student_1332,2332,97.2,61.2,83.7,74.7,70.4,4.1,60.2,6.4,75.7
Student_1333,2333,82.9,84.1,100.0,99.0,82.9,1.6,84.1,4.9,84.9
Student_1334,2334,99.9,77.4,91.7,78.5,100.0,4.5,60.2,7.0,86.2
Student_1335,2335,86.5,80.7,77.9,82.0,88.0,5.0,95.3,7.4,83.1
Student_1336,2336,81.6,67.3,78.6,79.3,90.7,0.0,55.1,5.5,71.2
Student_1337,2337,78.9,55.1,74.6,71.8,76.1,4.4,49.8,9.9,70.9
Student_1338,2338,82.0,81.0,54.1,96.2,72.0,3.4,84.3,7.1,74.1
Student_1339,2339,81.1,50.2,75.2,74.7,70.2,3.7,61.1,5.8,67.7
Student_1340,2340,86.7,71.2,89.5,68.7,73.1,2.6,69.9,4.6,75.9
Student_1341,2341,86.6,86.3,67.8,75.5,57.5,3.8,65.2,7.1,75.4
Student_1342,2342,85.0,77.3,79.9,60.0,70.8,6.1,50.3,6.6,77.0
Student_1343,2343,89.4,98.4,85.2,73.5,72.4,3.3,68.8,8.2,84.7
Student_1344,2344,96.9,87.3,64.1,70.3,76.2,5.4,89.0,6.8,80.3
Student_1345,2345,94.5,67.2,69.6,86.2,79.3,2.8,85.0,5.2,74.7
Student_1346,2346,70.2,75.3,62.8,73.3,81.6,5.1,73.5,9.5,74.1
Student_1347,2347,59.5,74.4,65.1,88.9,77.9,4.0,86.7,7.7,72.6
Student_1348,2348,94.3,56.0,59.5,94.0,72.2,4.5,54.1,6.6,70.1
Student_1349,2349,71.3,63.7,64.2,87.8,58.4,4.0,65.1,7.2,68.1
Student_1350,2350,82.8,68.3,92.0,77.8,72.2,5.0,75.9,7.7,80.1
Student_1351,2351,73.3,50.6,64.0,81.4,68.3,0.1,68.0,4.9,60.6
Student_1352,2352,67.0,75.6,76.5,64.8,82.7,1.9,66.3,7.2,71.6
Student_1353,2353,90.4,72.0,69.0,78.7,87.1,4.6,52.0,6.3,75.7
Student_1354,2354,92.6,54.9,89.1,71.4,87.4,0.9,38.8,7.8,72.5
Student_1355,2355,79.2,79.9,90.7,86.9,85.6,3.2,82.3,5.9,82.0
Student_1356,2356,59.1,83.6,85.4,100.0,76.7,3.9,73.6,6.1,79.3
Student_1357,2357,79.5,77.7,78.7,85.0,72.8,2.8,83.5,9.5,78.4
Student_1358,2358,88.9,71.1,72.2,60.1,70.5,3.0,63.4,8.8,72.8
Student_1359,2359,70.2,82.1,60.7,76.4,62.9,4.4,59.3,4.0,69.4
Student_1360,2360,86.8,83.2,98.3,81.2,87.9,5.5,70.1,8.7,88.6
Student_1361,2361,84.8,78.7,65.9,80.9,76.3,2.6,82.8,6.9,74.8
Student_1362,2362,90.8,65.1,83.0,72.7,65.5,3.1,66.5,5.9,73.8
Student_1363,2363,86.2,78.3,87.7,82.5,69.7,2.9,82.0,5.5,79.4
Student_1364,2364,75.3,89.3,68.3,67.6,69.3,0.4,54.9,5.6,70.3
Student_1365,2365,97.0,67.8,87.5,70.6,78.4,4.2,67.6,6.0,78.8
Student_1366,2366,83.4,100.0,84.2,86.5,88.7,5.4,68.9,5.3,87.6
Student_1367,2367,84.7,68.7,95.7,69.8,74.5,5.5,88.4,5.0,80.6
Student_1368,2368,75.7,75.4,69.4,85.4,55.5,2.7,73.1,5.4,70.7
Student_1369,2369,80.6,66.9,59.6,66.3,76.1,2.1,96.2,7.5,68.6
Student_1370,2370,76.2,77.7,68.9,97.6,76.4,4.0,49.8,7.1,75.5
Student_1371,2371,83.3,54.1,77.5,72.3,75.8,5.2,71.9,7.8,72.9
Student_1372,2372,100.0,68.4,75.7,77.8,71.7,4.2,72.7,6.9,77.2
Student_1373,2373,71.3,61.9,70.3,83.3,80.2,4.4,79.3,5.0,70.9
Student_1374,2374,68.9,76.6,52.1,74.3,78.7,5.7,57.8,7.7,70.3
Student_1375,2375,99.7,86.9,80.6,81.4,77.8,2.9,95.3,5.5,83.2
Student_1376,2376,82.9,82.8,98.7,85.8,82.1,3.7,70.2,8.0,85.8
Student_1377,2377,78.3,46.5,80.6,89.6,73.7,6.5,53.7,5.3,71.7
Student_1378,2378,95.4,99.5,82.3,87.9,73.1,3.7,69.8,6.0,86.1
Student_1379,2379,78.9,78.5,81.9,78.3,91.8,2.1,65.3,6.5,77.6
Student_1380,2380,100.0,65.7,79.8,78.5,83.6,3.0,100.0,8.0,79.5
Student_1381,2381,91.8,76.9,86.2,100.0,86.3,2.6,85.7,7.3,83.7
Student_1382,2382,80.1,77.1,79.7,89.5,90.3,4.5,70.7,7.0,80.8
Student_1383,2383,100.0,67.0,71.2,70.8,83.3,2.7,68.3,9.8,76.0
Student_1384,2384,78.9,77.4,65.4,81.0,87.3,4.4,84.3,4.2,75.0
Student_1385,2385,92.4,67.7,72.0,76.6,62.2,2.9,85.0,5.4,72.5
Student_1386,2386,88.0,70.1,78.8,78.6,80.0,0.8,26.3,5.4,71.1
Student_1387,2387,98.0,66.8,71.2,67.7,76.2,4.5,79.6,4.3,74.2
Student_1388,2388,100.0,57.8,78.8,75.9,94.8,4.2,70.4,5.9,76.9
Student_1389,2389,85.3,76.8,80.3,98.1,87.3,4.8,50.3,8.0,81.9
Student_1390,2390,77.5,82.0,85.0,85.8,71.7,3.0,83.2,6.1,79.3
Student_1391,2391,89.6,81.2,90.4,55.1,81.7,2.8,100.0,6.5,81.2
Student_1392,2392,78.2,84.8,75.9,92.2,79.7,4.6,78.4,4.4,79.8
Student_1393,2393,100.0,78.9,59.3,90.9,82.5,6.3,86.5,5.8,80.5
Student_1394,2394,86.4,68.6,70.9,76.4,67.8,4.0,97.1,6.3,74.2
Student_1395,2395,81.3,85.1,75.5,87.2,81.6,4.6,57.5,8.0,80.7
Student_1396,2396,86.8,58.7,53.0,71.4,75.7,3.5,42.1,4.5,63.4
Student_1397,2397,71.5,64.2,91.7,75.3,80.8,1.7,79.9,6.3,74.2
Student_1398,2398,75.3,63.4,76.7,95.0,70.8,5.5,66.3,8.6,76.0
Student_1399,2399,97.0,88.0,79.6,77.3,72.1,5.4,49.4,6.3,82.5
Student_1400,2400,78.4,86.3,91.4,61.3,89.7,5.1,68.8,4.0,81.8
Student_1401,2401,74.5,80.8,67.4,79.4,67.5,3.7,80.9,8.9,75.2
Student_1402,2402,90.4,87.9,81.9,79.2,68.2,4.9,67.8,8.1,83.1
Student_1403,2403,96.9,64.4,73.7,92.0,77.5,5.3,58.2,8.3,78.4
Student_1404,2404,92.2,79.2,72.8,80.1,70.3,6.4,66.6,4.4,78.8
Student_1405,2405,95.0,73.5,65.7,75.8,69.1,5.5,69.7,9.3,77.1
Student_1406,2406,77.4,85.2,95.0,90.5,79.1,4.1,41.1,5.8,82.8
Student_1407,2407,70.8,73.6,70.5,81.2,62.9,2.0,67.9,6.2,69.6
Student_1408,2408,100.0,70.4,83.4,72.5,67.9,4.2,49.8,5.9,77.2
Student_1409,2409,81.8,81.5,52.5,91.5,98.5,4.4,79.9,8.4,77.4
Student_1410,2410,82.5,85.5,89.2,81.9,82.6,5.1,46.6,6.7,83.2
Student_1411,2411,98.3,67.0,87.6,80.0,70.5,6.0,85.2,7.7,82.6
Student_1412,2412,90.6,74.3,76.2,81.8,82.2,3.9,63.9,7.1,78.3
Student_1413,2413,89.6,62.3,72.3,69.3,83.7,7.2,61.9,6.9,76.1
Student_1414,2414,100.0,45.0,79.8,74.7,87.9,1.4,74.4,5.6,70.4
Student_1415,2415,78.6,77.4,100.0,80.0,76.7,4.6,57.0,9.7,84.1
Student_1416,2416,94.3,82.3,53.8,78.1,87.8,2.8,74.2,4.8,73.8
Student_1417,2417,85.6,78.1,84.4,92.7,57.6,1.1,59.0,7.6,76.4
Student_1418,2418,87.7,51.6,64.1,82.2,67.4,3.7,61.6,7.6,67.6
Student_1419,2419,100.0,70.8,74.8,88.5,79.6,1.8,76.1,8.7,78.2
Student_1420,2420,90.1,48.4,72.0,80.1,81.3,3.8,52.9,9.1,70.7
Student_1421,2421,90.4,91.4,69.9,90.6,68.9,4.1,51.0,6.8,79.8
Student_1422,2422,95.7,62.0,74.9,84.0,80.6,5.7,73.7,7.8,78.3
Student_1423,2423,81.4,90.1,61.4,80.1,71.8,1.7,69.6,9.6,75.4
Student_1424,2424,76.6,86.4,87.4,79.9,75.2,5.4,72.5,6.9,82.9
Student_1425,2425,74.6,64.2,53.5,70.5,88.2,4.1,74.9,5.4,66.9
Student_1426,2426,65.3,61.4,81.5,85.1,87.1,5.5,70.9,6.4,74.9
Student_1427,2427,100.0,79.2,71.1,79.6,68.0,3.4,79.1,5.0,77.2
Student_1428,2428,74.0,64.9,60.9,75.0,67.4,2.0,71.5,7.6,66.1
Student_1429,2429,82.8,76.2,77.4,91.1,73.9,2.2,39.9,8.6,75.8
Student_1430,2430,82.2,69.2,56.3,67.5,77.7,2.1,43.8,6.8,66.0
Student_1431,2431,88.1,53.6,75.5,75.8,71.4,4.7,98.9,4.6,72.1
Student_1432,2432,93.2,48.2,57.9,90.3,88.4,6.2,70.0,8.5,72.3
Student_1433,2433,93.6,77.7,80.5,83.2,81.5,3.2,84.3,4.3,79.7
Student_1434,2434,79.2,68.3,63.9,79.5,82.1,4.9,64.8,4.7,71.6
Student_1435,2435,83.3,68.4,69.6,82.5,65.3,1.7,69.1,6.7,70.3
Student_1436,2436,87.8,83.4,78.5,81.8,89.7,4.3,63.2,7.4,82.0
Student_1437,2437,82.5,89.1,65.7,64.8,49.8,5.0,100.0,7.6,76.4
Student_1438,2438,100.0,71.7,74.3,76.5,86.3,1.8,73.8,6.9,76.7
Student_1439,2439,89.9,70.9,56.8,96.2,87.3,3.7,62.0,9.6,75.2
Student_1440,2440,92.3,81.0,82.6,73.4,73.7,5.1,45.2,7.1,80.4
Student_1441,2441,91.6,58.7,96.2,76.8,90.7,0.0,99.6,8.6,78.5
Student_1442,2442,96.7,77.7,100.0,74.6,77.4,6.0,67.6,8.2,87.6
Student_1443,2443,86.8,81.6,76.1,79.1,78.6,4.5,81.2,5.1,79.3
Student_1444,2444,72.0,83.2,84.5,74.2,81.4,5.1,82.8,6.7,80.8
Student_1445,2445,89.0,51.8,53.6,84.9,100.0,3.4,63.1,10.0,69.8
Student_1446,2446,78.5,65.9,93.0,82.0,91.4,1.4,80.1,6.2,77.4
Student_1447,2447,79.7,64.5,84.3,87.7,85.0,4.8,60.9,6.0,77.3
Student_1448,2448,90.9,76.2,69.2,69.5,68.9,3.9,55.1,7.3,74.3
Student_1449,2449,97.4,80.8,89.8,76.6,79.4,4.0,87.5,6.3,84.3
Student_1450,2450,85.2,93.0,71.9,77.7,69.9,5.6,67.6,5.8,80.7
Student_1451,2451,88.1,69.1,69.5,84.6,86.2,5.1,77.8,6.3,77.0
Student_1452,2452,100.0,69.0,80.7,72.1,79.4,6.9,76.2,9.1,82.9
Student_1453,2453,87.4,88.8,62.2,89.2,66.8,4.2,79.6,6.8,78.0
Student_1454,2454,100.0,78.6,87.3,91.9,78.8,3.0,46.7,5.0,81.3
Student_1455,2455,90.7,90.2,62.3,70.1,69.5,3.7,61.2,4.7,74.8
Student_1456,2456,67.4,78.5,62.4,75.1,79.5,4.6,65.1,10.0,73.7
Student_1457,2457,92.5,61.1,64.1,74.7,69.4,5.5,57.5,6.7,71.3
Student_1458,2458,88.8,59.0,84.1,100.0,78.3,1.8,76.4,7.7,76.4
Student_1459,2459,97.9,56.4,67.6,75.7,85.5,4.0,87.8,5.8,73.1
Student_1460,2460,91.7,82.9,58.8,96.8,77.5,6.4,90.2,7.5,81.3
Student_1461,2461,83.6,89.3,67.7,67.3,74.1,3.6,64.9,9.2,77.4
Student_1462,2462,72.8,97.2,74.6,70.1,80.0,5.4,74.4,6.0,81.0
Student_1463,2463,82.9,85.1,60.8,73.1,85.0,4.7,76.7,7.7,77.1
Student_1464,2464,76.5,89.0,61.2,71.5,66.9,5.4,79.3,4.9,74.8
Student_1465,2465,79.2,68.0,100.0,77.3,80.6,2.8,56.8,10.0,80.3
Student_1466,2466,90.9,61.1,64.7,72.9,91.2,2.8,97.3,7.4,72.8
Student_1467,2467,100.0,85.2,71.1,71.8,83.7,4.0,83.9,6.4,81.0
Student_1468,2468,88.9,80.0,70.6,91.6,78.6,1.7,84.3,6.6,77.2
Student_1469,2469,73.0,76.3,69.9,92.2,84.4,3.6,88.1,6.2,76.2
Student_1470,2470,89.4,79.6,82.5,89.5,82.5,4.4,78.0,6.3,82.5
Student_1471,2471,97.0,78.9,86.4,85.2,85.5,6.7,54.6,4.0,84.4
Student_1472,2472,78.9,90.4,71.3,80.9,57.8,4.6,67.9,6.9,77.6
Student_1473,2473,83.7,90.5,60.2,75.0,62.5,4.9,45.2,6.8,74.6
Student_1474,2474,85.1,81.5,90.3,70.5,88.0,5.7,76.2,7.7,85.0
Student_1475,2475,77.2,85.1,73.9,83.6,62.9,2.6,67.5,6.2,75.0
Student_1476,2476,91.5,81.2,95.8,68.3,82.0,3.8,69.4,5.8,83.2
Student_1477,2477,83.8,69.5,48.1,70.1,74.5,7.6,88.1,7.0,72.0
Student_1478,2478,89.2,84.1,77.3,91.5,68.0,3.9,63.1,4.6,79.0
Student_1479,2479,76.1,58.3,98.0,99.0,81.5,5.7,66.2,7.2,81.1
Student_1480,2480,80.6,87.6,70.8,83.9,80.0,5.4,70.3,4.2,79.1
Student_1481,2481,92.2,60.7,72.3,91.1,99.1,1.8,42.4,8.7,74.4
Student_1482,2482,81.3,78.4,78.5,77.5,71.8,4.5,66.0,8.0,78.1
Student_1483,2483,100.0,64.9,68.3,66.6,92.4,4.2,32.7,5.6,72.8
Student_1484,2484,81.0,81.6,71.3,86.1,81.5,4.5,61.2,8.0,78.7
Student_1485,2485,87.2,74.6,70.9,85.7,71.4,2.9,82.8,7.2,75.8
Student_1486,2486,94.3,55.9,67.5,80.7,86.0,2.3,76.7,5.5,70.6
Student_1487,2487,70.8,80.0,89.7,77.6,83.7,3.3,61.1,4.0,77.5
Student_1488,2488,67.4,68.1,80.5,89.6,78.4,3.9,70.6,7.5,75.4
Student_1489,2489,69.7,85.6,78.0,70.1,80.7,5.8,53.9,5.8,77.9
Student_1490,2490,97.6,75.0,84.7,72.3,72.0,6.7,70.0,8.6,83.6
Student_1491,2491,79.5,79.7,71.8,69.9,69.7,6.1,100.0,7.0,78.4
Student_1492,2492,100.0,63.5,65.7,80.8,85.6,5.3,97.7,6.0,77.2
Student_1493,2493,79.4,67.9,67.8,69.1,75.8,2.5,70.8,9.7,71.2
Student_1494,2494,86.8,69.5,75.0,73.2,77.2,3.4,72.4,7.9,75.1
Student_1495,2495,100.0,85.3,62.3,72.9,80.8,4.3,55.3,4.0,76.3
Student_1496,2496,100.0,95.1,69.0,77.4,80.7,3.1,58.0,6.3,80.9
Student_1497,2497,100.0,65.3,68.8,65.1,63.7,4.9,75.4,4.9,72.5
Student_1498,2498,97.1,87.9,100.0,80.9,90.9,5.1,62.1,5.8,89.8
Student_1499,2499,95.2,49.0,41.7,92.5,79.2,4.8,83.6,6.8,66.5
Student_1500,2500,90.9,60.7,72.8,81.4,76.0,5.5,93.5,7.5,76.7
Student_1501,2501,92.8,63.5,95.7,95.4,82.3,2.6,75.0,7.4,81.5
Student_1502,2502,79.5,58.8,76.5,93.3,80.4,5.4,71.5,8.6,76.5
Student_1503,2503,76.8,56.0,84.0,87.8,85.7,3.0,44.8,8.0,73.1
Student_1504,2504,85.0,80.0,76.2,80.7,83.4,2.6,81.2,7.9,78.9
Student_1505,2505,83.3,72.4,67.0,80.2,85.2,4.8,52.8,7.3,75.0
Student_1506,2506,80.5,79.6,48.1,87.6,91.5,5.8,63.7,8.9,75.3
Student_1507,2507,92.0,83.3,77.5,76.1,86.8,4.7,84.4,6.5,82.4
Student_1508,2508,94.6,78.2,65.7,61.2,76.4,4.0,85.4,6.6,75.6
Student_1509,2509,85.9,82.9,65.4,84.9,66.8,4.5,63.0,4.1,74.8
Student_1510,2510,99.8,74.2,69.0,68.7,94.7,4.2,63.9,8.6,78.8
Student_1511,2511,73.6,60.8,95.9,70.4,75.6,2.3,59.5,6.9,73.6
Student_1512,2512,83.1,87.7,100.0,80.0,73.3,2.1,52.0,10.0,84.4
Student_1513,2513,77.8,67.9,77.6,79.0,60.6,3.9,60.5,6.4,72.2
Student_1514,2514,66.3,63.8,69.4,65.9,81.4,4.1,45.8,7.1,68.0
Student_1515,2515,84.2,72.9,60.9,81.7,79.5,4.0,80.2,7.8,74.2
Student_1516,2516,83.8,64.0,80.6,89.7,62.8,5.0,75.9,5.3,75.4
Student_1517,2517,100.0,70.0,96.4,68.7,82.5,3.7,78.4,7.5,83.1
Student_1518,2518,91.3,79.1,72.0,92.7,73.0,4.8,55.7,7.1,79.2
Student_1519,2519,74.8,79.2,46.5,64.4,100.0,3.8,52.1,6.5,68.7
Student_1520,2520,100.0,64.2,83.0,100.0,72.3,6.7,70.8,8.8,83.6
Student_1521,2521,97.2,69.1,86.8,75.9,73.6,4.1,71.0,5.6,78.9
Student_1522,2522,90.8,87.9,56.0,81.5,69.3,7.5,67.8,7.4,79.3
Student_1523,2523,82.7,81.0,77.1,61.1,90.8,4.5,65.7,9.2,79.5
Student_1524,2524,75.4,99.9,80.4,79.4,74.3,3.7,95.7,5.9,83.2
Student_1525,2525,81.3,89.2,74.1,82.3,70.8,2.7,76.4,6.6,78.1
Student_1526,2526,95.9,88.7,65.5,79.1,85.1,1.8,99.6,10.0,81.2
Student_1527,2527,100.0,58.3,87.2,74.4,64.2,2.5,89.0,7.7,76.1
Student_1528,2528,100.0,84.2,70.2,70.5,84.3,2.7,95.5,6.2,79.6
Student_1529,2529,80.1,74.4,57.2,91.3,95.8,4.6,53.9,8.2,75.0
Student_1530,2530,73.8,68.4,50.4,80.3,83.7,3.2,78.9,6.1,67.4
Student_1531,2531,86.4,77.0,90.1,95.4,84.4,4.3,63.5,4.7,82.6
Student_1532,2532,67.3,86.3,82.4,74.7,86.7,5.9,45.0,9.1,81.2
Student_1533,2533,88.2,81.0,76.1,75.7,95.1,3.9,92.4,5.3,80.8
Student_1534,2534,83.5,64.5,69.7,88.2,90.1,7.1,65.6,10.0,79.3
Student_1535,2535,80.3,83.9,68.7,63.8,82.4,2.2,54.2,6.3,72.9
Student_1536,2536,69.1,67.3,62.1,67.9,87.0,3.8,63.8,10.0,70.2
Student_1537,2537,90.1,77.6,69.8,91.0,69.1,3.2,58.1,4.9,74.9
Student_1538,2538,79.7,71.4,49.6,68.3,85.8,5.4,59.6,8.5,70.2
Student_1539,2539,73.3,72.4,66.2,61.8,67.9,0.6,66.7,7.7,66.4
Student_1540,2540,56.3,84.2,71.3,98.7,74.3,1.8,96.0,8.3,75.4
Student_1541,2541,84.7,62.5,82.3,66.1,47.2,3.8,60.0,8.5,71.2
Student_1542,2542,100.0,98.3,74.5,81.8,82.0,6.3,94.9,6.3,88.7
Student_1543,2543,100.0,53.1,84.5,80.7,71.6,4.3,82.7,5.0,75.6
Student_1544,2544,80.4,67.8,91.2,51.9,89.1,2.0,75.9,6.9,75.3
Student_1545,2545,79.0,79.4,87.7,77.3,81.9,2.2,81.2,7.3,79.4
Student_1546,2546,89.7,82.0,80.6,84.5,89.2,6.5,70.2,6.3,84.7
Student_1547,2547,75.0,73.8,75.1,83.5,67.2,3.1,89.3,7.4,74.9
Student_1548,2548,88.0,74.3,63.2,89.0,88.4,2.6,78.5,7.5,75.6
Student_1549,2549,92.7,79.9,83.9,76.1,99.1,6.2,45.0,5.6,83.6
Student_1550,2550,97.3,72.2,95.2,87.1,85.6,5.5,74.4,7.6,86.8
Student_1551,2551,84.0,91.7,79.1,73.1,85.9,5.9,81.8,6.6,84.5
Student_1552,2552,83.0,85.1,98.0,65.9,79.7,2.6,65.7,6.0,81.6
Student_1553,2553,76.2,85.5,56.7,67.0,72.8,1.7,71.9,8.2,70.3
Student_1554,2554,76.7,63.4,61.2,65.4,85.6,4.2,60.8,5.8,67.9
Student_1555,2555,82.7,74.0,85.3,90.1,62.9,4.5,49.3,6.3,77.7
Student_1556,2556,88.7,71.4,78.2,64.9,73.8,4.5,46.7,7.1,74.9
Student_1557,2557,94.1,62.9,90.8,82.7,60.3,6.2,46.9,9.1,79.9
Student_1558,2558,77.0,79.3,74.8,77.3,71.0,1.4,80.0,7.3,74.0
Student_1559,2559,99.9,68.5,64.6,79.0,84.4,5.3,32.6,7.8,75.4
Student_1560,2560,82.3,82.9,72.4,93.6,83.1,2.4,60.0,6.6,77.5
Student_1561,2561,84.8,62.2,56.6,75.6,78.5,5.3,58.5,6.9,69.5
Student_1562,2562,77.5,95.6,61.5,86.1,79.7,3.3,65.8,6.9,77.5
Student_1563,2563,60.8,64.2,86.7,80.4,59.1,2.8,42.2,7.4,69.5
Student_1564,2564,93.8,77.6,85.5,78.5,74.3,3.1,76.1,6.6,80.3
Student_1565,2565,92.4,84.5,79.4,100.0,71.2,1.8,50.9,9.0,80.9
Student_1566,2566,82.2,68.2,54.3,65.6,71.4,4.1,87.0,6.4,68.4
Student_1567,2567,85.7,85.2,70.7,92.9,84.0,2.8,60.7,4.4,77.5
Student_1568,2568,90.2,60.2,60.3,86.6,69.4,5.2,68.6,10.0,72.9
Student_1569,2569,69.4,92.4,89.1,75.2,72.0,5.0,70.1,6.5,82.3
Student_1570,2570,79.7,75.2,68.0,96.3,57.1,6.5,73.7,9.0,77.7
Student_1571,2571,92.9,67.8,62.0,61.5,75.1,4.5,70.6,9.1,72.5
Student_1572,2572,72.5,71.4,75.4,74.8,67.1,4.8,63.6,8.4,73.9
Student_1573,2573,87.9,84.7,67.3,67.9,78.8,6.1,75.1,6.7,79.0
Student_1574,2574,71.4,68.0,92.8,84.1,68.5,3.1,77.0,7.4,76.9
Student_1575,2575,89.7,66.0,66.2,68.9,79.0,1.8,58.5,5.1,68.6
Student_1576,2576,84.6,72.3,58.2,84.3,76.6,4.3,76.4,10.0,74.6
Student_1577,2577,68.8,60.9,49.2,78.1,94.7,1.9,87.9,5.7,64.2
Student_1578,2578,96.6,96.8,74.6,75.2,83.0,7.7,80.6,6.6,88.3
Student_1579,2579,77.7,68.2,68.3,83.9,59.6,6.2,84.0,7.1,74.1
Student_1580,2580,76.9,85.0,57.9,77.3,65.4,7.2,72.6,6.8,75.8
Student_1581,2581,87.0,77.5,89.3,69.1,78.6,4.1,56.0,6.0,79.4
Student_1582,2582,96.5,63.2,83.0,100.0,68.7,4.8,57.9,9.1,80.2
Student_1583,2583,74.8,74.9,74.7,75.1,48.3,3.3,74.8,8.4,72.3
Student_1584,2584,85.6,84.4,91.4,57.8,91.5,5.3,84.1,7.5,85.0
Student_1585,2585,89.3,72.7,83.0,71.6,85.2,2.2,100.0,6.4,78.4
Student_1586,2586,91.9,89.3,65.1,67.3,83.2,0.2,84.7,8.6,76.2
Student_1587,2587,86.8,87.3,62.5,88.3,71.9,2.8,52.4,6.3,75.1
Student_1588,2588,81.3,86.0,84.8,83.2,82.3,1.8,58.5,9.4,80.9
Student_1589,2589,76.7,69.5,79.8,84.0,71.0,6.2,100.0,7.2,79.2
Student_1590,2590,85.9,62.0,77.0,76.3,80.0,6.7,66.8,8.8,77.7
Student_1591,2591,74.3,67.6,64.8,77.2,68.8,1.9,70.7,6.8,67.7
Student_1592,2592,55.8,77.4,82.3,76.3,93.2,5.9,55.6,7.1,77.5
Student_1593,2593,89.4,81.5,65.9,79.2,62.3,5.4,93.5,8.8,78.9
Student_1594,2594,94.0,48.9,73.8,88.4,90.3,1.6,77.5,10.0,73.1
Student_1595,2595,61.4,74.9,92.4,83.4,78.4,3.4,58.4,9.3,78.3
Student_1596,2596,74.9,76.9,67.1,85.0,73.1,3.1,55.1,8.3,73.1
Student_1597,2597,91.2,71.7,56.1,85.0,79.7,5.1,74.6,7.9,74.8
Student_1598,2598,100.0,90.5,62.4,88.8,85.3,2.2,70.7,6.2,79.5
Student_1599,2599,85.2,80.1,86.9,82.9,91.7,3.9,82.5,7.4,83.7
Student_1600,2600,77.7,90.7,78.1,83.6,81.1,3.0,78.2,5.6,80.1
Student_1601,2601,83.2,72.4,73.5,91.9,69.1,4.7,66.0,7.6,76.9
Student_1602,2602,98.7,86.2,68.9,73.3,78.6,3.7,61.8,7.7,79.4
Student_1603,2603,78.5,94.6,80.8,71.4,96.2,3.2,67.6,4.1,81.0
Student_1604,2604,77.0,90.7,64.8,68.1,91.5,3.7,61.7,7.1,76.8
Student_1605,2605,80.2,61.9,78.7,81.8,87.1,7.1,68.0,7.6,78.3
Student_1606,2606,75.5,72.0,66.2,61.5,86.0,3.4,70.2,6.9,71.0
Student_1607,2607,86.2,70.9,64.2,84.6,85.0,2.4,56.5,7.5,72.7
Student_1608,2608,100.0,80.9,67.4,78.9,89.6,4.9,79.5,5.0,80.4
Student_1609,2609,88.2,83.2,70.5,91.3,73.4,3.8,64.4,5.8,78.0
Student_1610,2610,82.5,64.9,74.4,73.3,64.4,1.9,57.4,8.6,70.1
Student_1611,2611,82.1,75.8,77.8,78.0,78.7,7.3,64.7,7.0,80.4
Student_1612,2612,69.4,50.8,30.7,91.2,69.8,3.5,73.6,7.5,57.8
Student_1613,2613,93.8,92.3,65.3,93.8,67.4,3.4,71.2,6.2,79.7
Student_1614,2614,84.2,68.9,70.3,73.2,70.8,4.2,76.3,7.0,73.3
Student_1615,2615,83.2,75.7,93.1,81.8,100.0,6.6,83.5,4.0,85.7
Student_1616,2616,100.0,71.3,62.0,82.9,79.4,1.5,89.6,8.3,74.7
Student_1617,2617,88.0,88.8,77.0,83.7,81.6,4.4,74.3,9.7,84.1
Student_1618,2618,77.5,40.9,92.9,77.4,65.8,7.1,54.0,5.4,71.9
Student_1619,2619,80.7,74.8,59.2,92.8,59.6,4.2,66.0,5.6,71.1
Student_1620,2620,96.5,73.7,79.7,61.1,69.8,2.1,54.9,7.7,74.6
Student_1621,2621,86.1,69.6,65.4,75.8,92.4,3.1,95.5,9.2,76.0
Student_1622,2622,70.6,95.7,68.9,84.5,81.3,4.3,99.8,7.0,81.1
Student_1623,2623,94.2,64.4,65.4,84.6,84.0,6.0,79.8,5.2,76.1
Student_1624,2624,78.3,84.3,66.2,93.5,85.4,3.5,82.9,6.7,78.3
Student_1625,2625,100.0,79.3,100.0,92.0,72.1,5.2,73.8,5.5,87.8
Student_1626,2626,95.8,90.1,85.1,77.1,91.9,1.8,75.5,6.0,83.7
Student_1627,2627,80.5,67.0,88.2,93.0,71.7,1.8,46.0,6.5,74.7
Student_1628,2628,97.8,66.2,80.9,72.9,92.1,3.3,68.9,5.6,77.5
Student_1629,2629,85.7,88.2,55.7,89.3,82.4,6.2,56.8,5.8,77.9
Student_1630,2630,93.5,80.1,79.7,98.1,60.1,4.1,74.2,7.1,81.1
Student_1631,2631,89.8,56.5,87.9,92.1,70.5,4.4,69.1,7.3,77.4
Student_1632,2632,76.5,68.5,64.8,81.1,60.2,4.4,99.2,4.9,70.7
Student_1633,2633,78.6,79.6,86.6,76.7,89.6,5.7,83.7,7.6,83.6
Student_1634,2634,95.3,85.1,83.5,64.7,77.8,3.1,74.3,6.4,80.7
Student_1635,2635,81.7,66.8,97.2,83.1,55.7,5.0,66.0,8.1,79.4
Student_1636,2636,81.0,40.0,70.0,68.8,81.8,2.8,95.1,8.2,66.3
Student_1637,2637,75.4,81.3,61.8,72.1,72.6,7.0,69.6,6.2,75.1
Student_1638,2638,89.2,60.4,70.7,68.1,63.2,2.8,75.0,7.9,69.8
Student_1639,2639,100.0,50.8,92.2,75.4,94.8,2.7,70.6,5.7,76.8
Student_1640,2640,74.3,41.0,53.1,79.7,79.1,4.8,63.9,9.0,63.1
Student_1641,2641,85.2,84.8,50.2,82.7,75.1,4.1,70.5,5.8,72.8
Student_1642,2642,99.1,76.5,76.1,74.0,74.0,4.5,40.6,7.5,78.2
Student_1643,2643,84.2,72.3,69.7,90.7,62.9,4.3,46.8,6.7,73.4
Student_1644,2644,89.5,91.7,75.1,77.9,65.0,2.4,75.2,5.5,78.2
Student_1645,2645,74.4,82.6,86.3,72.1,90.8,6.4,93.5,8.4,85.0
Student_1646,2646,89.3,94.4,68.4,82.3,73.3,5.3,75.2,6.1,81.9
Student_1647,2647,83.1,58.3,52.5,99.6,78.2,6.0,59.2,4.4,69.1
Student_1648,2648,94.9,74.6,99.5,83.4,57.6,3.2,48.4,4.0,79.6
Student_1649,2649,96.9,55.6,63.0,76.4,64.8,4.6,81.8,5.7,69.9
Student_1650,2650,100.0,72.2,62.3,64.7,84.1,4.3,61.5,9.1,75.4
Student_1651,2651,90.8,72.0,88.2,77.8,81.8,5.7,79.6,8.9,83.7
Student_1652,2652,88.3,82.5,70.4,82.3,95.5,5.7,75.8,5.9,81.7
Student_1653,2653,86.9,75.5,74.2,76.1,91.4,4.3,77.2,6.4,78.6
Student_1654,2654,81.5,82.5,80.8,63.3,75.7,1.7,70.5,6.3,75.3
Student_1655,2655,88.4,83.4,88.0,71.5,82.7,6.7,75.8,5.0,84.5
Student_1656,2656,82.0,100.0,71.0,94.5,74.8,4.8,68.2,5.6,83.0
Student_1657,2657,86.7,71.2,93.2,94.3,98.5,3.1,60.5,8.5,83.8
Student_1658,2658,98.2,63.7,49.4,71.1,89.5,4.6,55.5,7.8,70.4
Student_1659,2659,74.9,78.0,84.1,86.7,79.7,1.7,34.2,7.4,75.5
Student_1660,2660,96.4,65.4,64.9,68.2,80.0,5.6,67.3,5.0,73.3
Student_1661,2661,98.2,92.8,91.5,94.0,92.4,1.8,92.8,7.2,89.5
Student_1662,2662,83.8,71.6,76.7,82.5,83.8,3.7,81.0,4.0,76.1
Student_1663,2663,63.8,68.2,66.9,89.5,93.6,4.4,73.4,8.3,73.9
Student_1664,2664,78.9,69.3,83.0,62.8,56.1,5.6,59.0,7.4,74.0
Student_1665,2665,98.0,83.6,85.7,86.8,82.6,4.2,85.0,5.0,84.8
Student_1666,2666,84.8,73.1,82.7,79.9,72.8,5.0,68.2,9.4,80.1
Student_1667,2667,75.0,67.3,62.6,88.5,95.6,4.0,93.6,4.3,72.9
Student_1668,2668,80.0,95.0,69.2,89.1,93.5,4.0,55.3,7.8,82.0
Student_1669,2669,93.4,64.7,75.0,80.7,78.3,4.1,58.8,7.8,75.7
Student_1670,2670,90.5,75.4,74.5,74.0,93.4,3.7,57.3,5.1,77.0
Student_1671,2671,82.6,82.8,84.0,87.8,95.8,1.5,47.8,6.9,79.8
Student_1672,2672,81.3,55.4,50.8,79.4,78.7,2.8,55.9,4.5,62.5
Student_1673,2673,81.1,80.8,79.0,71.3,100.0,4.4,71.5,4.0,79.3
Student_1674,2674,75.8,62.3,71.5,70.8,77.7,3.6,59.3,5.4,69.0
Student_1675,2675,100.0,84.9,64.9,65.2,75.9,3.8,12.2,6.1,74.0
Student_1676,2676,81.8,63.4,66.1,74.9,86.7,3.5,86.1,8.0,72.7
Student_1677,2677,97.2,83.3,72.4,91.0,74.5,2.7,44.7,7.1,78.5
Student_1678,2678,100.0,88.3,31.8,81.8,78.9,3.3,78.8,7.1,71.9
Student_1679,2679,95.0,85.3,66.6,74.7,92.1,3.5,70.5,5.5,78.7
Student_1680,2680,80.7,78.0,64.5,88.0,78.2,4.0,100.0,6.2,76.5
Student_1681,2681,89.0,72.2,81.4,71.7,61.0,4.6,85.0,5.6,76.7
Student_1682,2682,84.8,68.1,65.3,81.0,81.7,3.7,62.4,5.2,71.7
Student_1683,2683,76.0,92.7,72.4,78.2,71.0,2.5,59.5,6.1,76.1
Student_1684,2684,88.2,66.6,93.5,87.8,86.7,1.9,92.5,7.1,80.9
Student_1685,2685,73.2,62.6,86.9,64.2,85.0,7.9,47.9,6.1,76.6
Student_1686,2686,96.9,83.0,85.8,71.5,92.7,2.3,72.9,6.5,82.3
Student_1687,2687,80.4,65.4,69.0,63.6,87.1,3.2,68.0,8.0,71.3
Student_1688,2688,87.0,63.6,81.5,77.4,88.9,4.8,64.9,6.2,77.1
Student_1689,2689,87.8,57.7,72.2,92.1,71.3,4.5,75.3,5.0,72.8
Student_1690,2690,82.4,69.2,72.6,74.9,86.0,4.8,72.8,7.8,76.2
Student_1691,2691,90.9,74.0,79.9,74.9,97.7,3.3,76.9,7.4,80.2
Student_1692,2692,80.3,77.9,67.8,88.7,71.1,4.4,72.1,7.5,76.3
Student_1693,2693,93.7,86.4,92.9,90.7,96.0,4.1,76.3,7.9,89.4
Student_1694,2694,71.5,81.3,73.1,79.1,72.5,3.5,71.4,7.7,75.4
Student_1695,2695,86.3,72.7,82.4,86.8,69.5,4.4,60.1,7.0,78.2
Student_1696,2696,100.0,72.6,92.5,69.2,81.0,5.6,70.1,10.0,85.4
Student_1697,2697,75.0,81.1,87.4,93.8,85.2,4.0,59.3,5.1,80.8
Student_1698,2698,78.2,90.3,58.1,100.0,87.1,4.0,58.3,6.1,77.5
Student_1699,2699,90.1,76.5,80.3,85.2,68.4,5.6,65.0,8.5,81.1
Student_1700,2700,86.8,69.4,85.2,59.2,82.3,5.4,68.2,7.2,78.2
Student_1701,2701,88.5,63.1,85.7,74.4,71.1,6.4,70.5,8.1,79.0
Student_1702,2702,89.9,57.7,61.6,86.1,63.1,1.4,83.7,7.3,67.6
Student_1703,2703,91.3,83.0,67.1,75.8,68.7,5.4,62.5,9.1,78.8
Student_1704,2704,96.1,81.9,86.9,92.7,70.5,4.9,73.0,5.5,84.2
Student_1705,2705,89.1,81.9,65.9,85.9,83.2,2.7,71.8,9.0,77.9
Student_1706,2706,82.6,73.5,71.4,72.9,89.5,4.4,60.9,8.8,76.6
Student_1707,2707,91.7,91.9,93.9,80.3,63.3,5.6,71.1,5.2,86.3
Student_1708,2708,100.0,69.2,74.4,71.1,81.5,2.8,85.0,7.9,77.3
Student_1709,2709,83.7,86.5,66.3,78.2,66.2,4.7,72.8,6.9,77.0
Student_1710,2710,75.3,74.5,64.5,74.5,84.3,5.3,73.4,6.1,73.9
Student_1711,2711,96.1,67.7,79.0,91.7,71.8,2.4,59.4,4.2,74.9
Student_1712,2712,83.8,82.1,59.0,100.0,67.5,3.8,99.5,5.5,76.1
Student_1713,2713,63.3,79.9,72.0,65.7,86.0,4.5,60.3,8.1,74.2
Student_1714,2714,93.5,79.3,79.0,60.8,72.1,2.8,45.0,8.2,76.1
Student_1715,2715,79.6,76.0,90.6,77.5,74.8,2.7,82.9,6.7,79.0
Student_1716,2716,84.1,74.5,83.0,64.8,55.8,3.8,68.3,8.2,75.3
Student_1717,2717,88.3,100.0,66.4,80.5,87.5,5.2,65.5,8.4,84.4
Student_1718,2718,86.9,89.2,89.1,87.5,86.2,5.0,61.8,7.2,86.6
Student_1719,2719,92.1,83.7,71.4,94.9,78.1,2.7,98.1,5.9,80.4
Student_1720,2720,80.6,76.3,60.2,82.0,62.7,5.0,75.3,7.7,73.4
Student_1721,2721,90.1,87.1,72.9,78.1,90.1,2.7,78.2,7.7,80.8
Student_1722,2722,82.4,81.2,92.3,60.2,71.3,1.6,72.4,8.0,78.1
Student_1723,2723,92.4,75.3,77.0,80.3,73.5,3.4,74.1,8.3,78.5
Student_1724,2724,91.2,71.4,75.2,80.7,100.0,5.7,91.0,5.0,81.1
Student_1725,2725,75.6,74.0,94.6,86.4,71.0,5.0,66.2,6.2,80.6
Student_1726,2726,95.9,37.0,57.8,72.9,85.4,4.0,48.1,4.2,62.4
Student_1727,2727,79.6,77.5,59.6,75.6,83.6,3.4,83.0,8.1,73.7
Student_1728,2728,93.1,69.1,55.6,65.2,81.9,3.4,77.5,6.7,70.5
Student_1729,2729,88.7,94.1,79.5,57.1,80.8,4.2,71.6,7.6,82.1
Student_1730,2730,100.0,75.2,77.0,68.9,81.8,2.4,77.1,4.8,76.7
Student_1731,2731,82.8,60.7,93.5,64.3,80.7,3.5,64.4,9.1,76.8
Student_1732,2732,81.5,74.4,77.9,83.4,77.5,3.7,70.3,5.2,76.3
Student_1733,2733,84.8,62.4,70.2,74.8,93.1,2.0,68.0,8.2,72.2
Student_1734,2734,82.0,80.7,75.0,74.6,64.9,2.7,61.1,7.2,74.5
Student_1735,2735,93.0,78.5,76.4,70.2,88.2,4.6,87.8,6.7,80.9
Student_1736,2736,68.8,86.5,54.9,47.7,86.2,4.0,48.8,6.6,68.9
Student_1737,2737,74.5,65.5,100.0,95.1,85.0,3.5,100.0,6.0,82.0
Student_1738,2738,74.3,75.4,81.2,70.0,89.2,2.6,83.2,8.9,77.5
Student_1739,2739,94.5,58.6,77.5,75.9,77.1,6.4,43.3,7.0,75.6
Student_1740,2740,100.0,83.4,82.4,65.5,59.3,2.7,66.6,5.1,77.5
Student_1741,2741,84.0,81.2,83.5,89.7,77.3,4.4,67.5,6.4,81.5
Student_1742,2742,83.3,80.9,73.3,81.4,68.1,3.3,75.9,7.2,76.6
Student_1743,2743,85.7,75.0,67.4,71.7,70.7,4.1,55.2,8.3,73.7
Student_1744,2744,96.6,80.0,82.2,76.1,65.6,4.7,70.5,6.1,80.5
Student_1745,2745,75.7,94.3,79.6,96.8,73.2,1.9,68.2,6.2,80.2
Student_1746,2746,87.4,71.6,65.3,79.3,72.0,4.0,58.9,7.0,72.9
Student_1747,2747,94.8,76.7,92.0,78.2,54.2,5.8,56.8,8.3,82.4
Student_1748,2748,90.0,62.0,78.5,70.6,85.0,6.6,83.8,4.9,77.4
Student_1749,2749,86.9,64.6,83.8,61.1,100.0,3.8,44.6,7.8,76.2
Student_1750,2750,95.0,76.2,91.7,78.4,84.1,4.1,77.2,6.3,83.6
Student_1751,2751,58.0,88.2,75.3,83.3,76.0,7.3,82.0,6.5,80.2
Student_1752,2752,91.8,71.9,78.8,91.0,77.5,5.7,66.7,10.0,82.3
Student_1753,2753,78.5,72.2,84.7,57.5,73.8,3.1,70.8,6.7,74.1
Student_1754,2754,66.7,70.1,66.3,68.7,78.9,3.1,87.5,8.1,70.4
Student_1755,2755,90.1,68.6,75.6,74.2,77.6,5.4,59.4,8.1,77.2
Student_1756,2756,98.7,78.5,76.5,80.0,69.6,2.5,61.0,5.2,76.6
Student_1757,2757,83.6,57.0,63.5,78.5,94.8,5.6,62.6,4.2,70.7
Student_1758,2758,94.5,90.4,100.0,78.8,63.1,4.5,87.5,8.2,89.0
Student_1759,2759,100.0,67.0,58.1,84.1,85.2,4.8,89.4,5.4,75.1
Student_1760,2760,98.1,83.7,59.4,71.0,77.0,3.6,49.1,4.5,73.6
Student_1761,2761,100.0,59.8,90.8,89.3,97.0,3.1,85.1,8.5,82.9
Student_1762,2762,92.4,83.0,83.6,84.3,81.4,6.2,82.3,5.5,85.1
Student_1763,2763,85.8,83.1,62.7,76.8,74.4,3.6,93.3,5.8,75.7
Student_1764,2764,69.0,79.6,82.3,96.0,75.5,3.4,75.8,10.0,80.2
Student_1765,2765,82.5,63.1,92.6,95.6,78.4,3.9,69.3,4.5,78.4
Student_1766,2766,76.6,78.0,74.6,89.3,66.6,4.3,87.2,5.1,76.5
Student_1767,2767,100.0,60.8,100.0,49.8,70.3,2.5,80.5,6.3,76.9
Student_1768,2768,83.2,72.0,54.3,95.8,60.2,3.2,100.0,6.6,71.2
Student_1769,2769,86.2,87.4,83.3,87.9,68.8,3.1,84.4,5.7,81.5
Student_1770,2770,90.5,84.6,89.0,100.0,78.9,5.3,72.3,5.3,86.5
Student_1771,2771,85.4,75.2,85.7,92.4,81.0,2.7,52.4,9.3,80.4
Student_1772,2772,100.0,63.3,72.5,95.8,58.2,1.4,61.3,7.4,72.5
Student_1773,2773,78.8,82.7,71.5,88.8,76.6,1.0,48.5,7.9,74.2
Student_1774,2774,86.9,75.2,80.3,93.5,83.6,1.8,66.8,6.8,78.1
Student_1775,2775,77.6,47.2,84.8,99.9,76.4,6.0,83.9,7.4,76.1
Student_1776,2776,71.8,84.4,82.2,82.2,71.7,4.0,69.9,8.4,79.5
Student_1777,2777,78.9,74.7,87.5,64.3,73.9,4.8,85.3,5.5,78.0
Student_1778,2778,84.6,89.4,62.8,76.9,72.6,4.8,75.1,7.4,77.8
Student_1779,2779,80.7,61.9,72.3,83.9,71.6,4.1,64.0,8.0,72.6
Student_1780,2780,78.1,36.9,63.7,80.7,79.7,3.9,71.3,9.3,65.0
Student_1781,2781,70.9,78.3,70.4,67.5,100.0,5.6,77.1,9.9,78.9
Student_1782,2782,84.2,78.5,87.2,63.7,70.6,4.2,72.1,7.1,78.9
Student_1783,2783,70.0,54.7,76.3,72.6,74.8,6.1,72.3,8.7,72.0
Student_1784,2784,92.6,63.3,100.0,88.1,77.5,4.9,58.5,4.0,81.2
Student_1785,2785,85.8,100.0,77.3,95.8,71.1,3.1,63.5,9.3,84.8
Student_1786,2786,70.4,71.3,75.7,89.2,89.0,3.3,100.0,5.9,76.3
Student_1787,2787,81.9,83.8,76.3,90.6,54.3,2.9,88.4,6.6,77.5
Student_1788,2788,77.5,67.2,67.3,79.2,72.7,5.8,47.9,7.7,72.5
Student_1789,2789,88.2,49.9,74.3,62.6,86.2,3.4,34.5,6.8,67.7
Student_1790,2790,98.4,73.0,88.5,75.4,75.1,2.8,71.1,7.3,80.2
Student_1791,2791,66.2,71.8,76.4,77.4,69.8,4.5,83.4,9.4,75.1
Student_1792,2792,86.2,70.2,65.5,75.0,82.4,3.9,62.2,6.4,72.7
Student_1793,2793,83.4,73.6,63.9,80.5,87.1,4.4,85.3,5.4,75.0
Student_1794,2794,91.7,78.2,69.6,84.4,80.1,6.8,70.9,9.7,82.3
Student_1795,2795,87.1,73.2,75.9,88.5,70.0,5.4,67.6,7.8,78.8
Student_1796,2796,77.5,59.8,89.3,77.2,82.6,4.0,81.3,9.9,77.9
Student_1797,2797,81.8,80.8,58.9,61.0,74.0,1.9,62.0,8.3,69.9
Student_1798,2798,77.0,51.6,71.2,75.2,85.5,3.3,65.7,5.0,67.4
Student_1799,2799,95.8,50.4,76.7,80.4,92.8,5.1,80.1,8.0,76.6
Student_1800,2800,85.2,83.9,53.0,92.2,51.9,2.2,69.5,5.5,69.8
Student_1801,2801,100.0,81.1,65.0,74.3,79.1,7.2,98.6,7.0,82.5
Student_1802,2802,84.4,74.3,66.8,85.1,60.6,4.0,80.4,6.9,74.0
Student_1803,2803,77.9,58.3,65.4,82.9,100.0,4.1,79.4,4.6,71.3
Student_1804,2804,69.9,66.5,77.3,80.4,73.3,3.0,69.3,5.8,71.2
Student_1805,2805,67.0,71.8,73.1,89.3,85.5,4.7,83.1,10.0,77.6
Student_1806,2806,69.2,55.8,68.3,73.4,77.6,2.3,65.2,7.4,65.7
Student_1807,2807,87.7,66.1,80.1,74.2,70.0,7.2,74.2,6.7,78.4
Student_1808,2808,90.1,82.8,95.7,79.9,68.8,6.0,56.3,9.7,86.7
Student_1809,2809,69.2,92.1,94.7,73.6,93.9,5.5,85.6,6.4,86.8
Student_1810,2810,94.0,70.0,51.9,85.1,87.6,1.9,74.4,6.9,70.9
Student_1811,2811,80.2,84.1,81.9,72.9,97.4,4.3,99.7,8.5,84.2
Student_1812,2812,86.5,52.0,72.9,82.3,78.6,5.8,100.0,6.4,74.3
Student_1813,2813,100.0,82.9,76.9,79.0,80.9,4.9,81.4,5.9,82.9
Student_1814,2814,94.0,65.4,70.2,82.1,75.3,2.5,71.0,4.0,71.8
Student_1815,2815,82.3,78.7,76.4,75.4,75.1,3.0,55.8,5.6,74.7
Student_1816,2816,76.1,72.0,76.8,76.6,67.6,3.3,83.6,5.6,73.4
Student_1817,2817,63.5,90.8,68.1,81.0,78.8,3.1,73.2,7.2,75.6
Student_1818,2818,77.8,64.5,64.2,82.0,70.1,6.3,78.1,6.1,72.3
Student_1819,2819,82.9,82.5,69.6,80.0,82.4,1.1,95.9,10.0,77.5
Student_1820,2820,75.1,71.6,77.8,97.1,79.7,5.0,57.6,5.4,76.8
Student_1821,2821,83.7,73.1,82.2,70.1,80.9,2.1,56.1,9.1,75.9
Student_1822,2822,85.8,72.8,85.2,79.4,94.8,2.6,66.5,7.3,79.5
Student_1823,2823,82.8,64.9,69.1,64.3,77.6,1.0,82.3,8.2,69.3
Student_1824,2824,78.5,74.8,78.4,83.7,85.6,3.2,78.3,8.1,78.2
Student_1825,2825,86.7,74.2,86.6,68.8,98.5,6.3,56.6,4.0,81.1
Student_1826,2826,89.4,77.9,89.0,77.2,91.1,4.4,81.3,7.0,83.9
Student_1827,2827,74.1,76.0,74.3,76.3,89.5,2.2,52.0,6.6,73.3
Student_1828,2828,99.1,84.6,72.3,82.8,74.9,5.5,57.4,5.3,80.8
Student_1829,2829,84.0,86.1,77.3,74.5,80.3,5.8,68.3,7.7,82.0
Student_1830,2830,85.2,62.4,61.2,74.0,64.8,4.2,61.7,9.6,69.6
Student_1831,2831,92.1,85.4,72.7,94.4,83.0,7.1,83.3,4.0,84.2
Student_1832,2832,87.3,60.8,83.9,82.8,80.7,5.2,74.3,6.2,77.7
Student_1833,2833,94.5,82.1,82.7,74.4,78.2,5.0,96.5,5.1,83.0
Student_1834,2834,87.9,82.4,71.8,77.5,88.3,2.8,66.3,7.1,77.9
Student_1835,2835,78.9,52.1,77.6,96.5,65.9,4.9,68.2,6.5,72.1
Student_1836,2836,88.6,76.1,65.1,77.6,94.3,4.3,88.2,6.1,77.5
Student_1837,2837,73.6,69.4,83.4,73.1,87.0,4.8,68.6,8.0,77.3
Student_1838,2838,86.1,65.9,74.1,73.2,77.3,3.0,92.4,9.5,75.5
Student_1839,2839,84.7,91.2,71.7,74.5,76.5,4.2,78.1,10.0,81.6
Student_1840,2840,82.9,67.2,70.7,74.1,82.8,2.8,34.7,5.9,70.1
Student_1841,2841,83.7,65.3,74.2,67.2,93.2,0.8,87.7,4.3,70.7
Student_1842,2842,66.2,75.9,69.6,68.8,79.0,5.5,83.7,7.8,74.6
Student_1843,2843,79.5,83.2,82.9,71.7,79.4,1.7,84.3,9.4,79.3
Student_1844,2844,85.9,73.3,70.3,85.9,78.2,4.2,41.3,8.2,75.6
Student_1845,2845,86.6,89.0,94.1,76.2,95.8,4.5,60.1,9.4,88.2
Student_1846,2846,74.7,81.4,92.6,77.9,74.3,4.5,61.2,6.7,80.8
Student_1847,2847,97.7,48.9,64.3,92.7,77.7,3.6,57.4,6.1,69.6
Student_1848,2848,76.3,68.6,75.8,93.0,92.6,4.4,96.1,7.2,78.9
Student_1849,2849,94.7,68.3,67.2,77.2,79.5,4.7,69.8,6.5,75.2
Student_1850,2850,89.3,80.8,71.1,73.7,89.4,5.1,69.5,8.0,80.3
Student_1851,2851,78.5,43.5,99.0,71.4,68.9,6.6,78.3,8.5,76.1
Student_1852,2852,100.0,100.0,71.3,86.9,75.9,4.4,78.5,8.6,86.7
Student_1853,2853,73.1,81.4,79.3,78.0,92.8,4.1,20.0,7.8,77.2
Student_1854,2854,94.2,76.8,81.5,76.1,71.2,2.6,60.3,7.4,77.8
Student_1855,2855,95.0,89.2,63.0,71.9,76.5,4.7,48.8,8.2,78.3
Student_1856,2856,78.3,100.0,64.7,72.3,80.6,5.0,76.0,4.1,79.1
Student_1857,2857,98.9,85.4,60.5,83.2,68.1,3.7,65.7,7.3,77.1
Student_1858,2858,82.5,86.4,64.4,66.8,73.9,4.8,70.2,7.1,76.0
Student_1859,2859,87.9,76.6,40.8,89.9,79.1,3.6,38.8,7.3,68.7
Student_1860,2860,87.6,73.3,81.5,74.7,78.5,5.0,65.4,6.9,78.8
Student_1861,2861,83.7,69.3,99.7,78.5,90.8,5.4,86.7,7.6,85.3
Student_1862,2862,93.1,65.1,76.8,66.6,93.4,5.3,91.1,6.1,78.3
Student_1863,2863,92.9,66.8,58.0,79.9,69.4,4.2,80.8,8.7,72.7
Student_1864,2864,67.5,58.8,67.3,76.7,79.1,2.4,50.0,7.7,66.0
Student_1865,2865,98.0,74.1,69.5,79.5,84.7,3.1,88.9,7.2,78.2
Student_1866,2866,68.4,54.8,62.8,94.7,93.2,4.9,80.9,6.0,70.4
Student_1867,2867,95.3,77.3,85.3,81.8,85.2,7.7,68.2,8.2,86.9
Student_1868,2868,96.3,74.6,84.7,72.1,80.9,3.5,39.6,7.3,78.7
Student_1869,2869,74.1,76.8,61.1,72.9,84.7,4.7,84.3,5.9,73.2
Student_1870,2870,80.9,68.7,83.7,86.0,84.7,3.2,61.1,6.9,77.0
Student_1871,2871,73.9,100.0,93.3,93.0,68.7,2.5,75.2,7.9,85.8
Student_1872,2872,82.9,91.3,97.8,82.8,79.9,3.0,71.0,7.8,86.4
Student_1873,2873,81.9,60.1,100.0,86.9,92.6,0.9,93.1,7.7,79.7
Student_1874,2874,92.8,77.8,64.2,86.1,75.9,6.0,68.1,7.1,78.5
Student_1875,2875,98.1,67.7,100.0,94.2,79.3,0.7,69.8,8.5,82.4
Student_1876,2876,99.0,62.8,70.7,60.5,75.6,3.6,93.7,8.9,74.6
Student_1877,2877,79.4,58.9,67.9,86.7,54.9,2.2,60.1,8.1,67.0
Student_1878,2878,82.9,80.2,78.9,89.8,78.2,2.7,82.2,6.1,78.9
Student_1879,2879,68.2,66.8,68.0,66.6,81.0,6.1,67.0,5.4,70.9
Student_1880,2880,76.9,86.6,79.8,71.1,72.9,4.3,55.0,6.2,77.8
Student_1881,2881,94.6,86.9,59.2,71.5,66.5,2.6,70.0,9.9,75.6
Student_1882,2882,100.0,91.5,72.1,72.7,69.2,3.1,80.4,7.4,80.9
Student_1883,2883,72.7,64.8,90.4,75.2,85.6,2.9,90.3,10.0,78.2
Student_1884,2884,79.1,80.7,74.3,82.4,97.7,3.9,92.1,6.8,80.6
Student_1885,2885,84.7,82.6,76.7,88.7,91.8,4.3,65.6,6.6,81.5
Student_1886,2886,87.8,69.3,80.7,90.8,64.6,6.8,55.2,6.9,79.2
Student_1887,2887,76.9,65.7,89.0,71.6,86.5,1.1,65.2,6.9,73.9
Student_1888,2888,89.2,94.3,55.1,71.6,71.4,3.9,52.3,5.8,74.4
Student_1889,2889,80.3,77.7,82.0,93.2,72.2,3.5,66.7,5.3,78.1
Student_1890,2890,84.9,82.6,71.8,86.5,73.4,5.4,64.9,7.8,79.8
Student_1891,2891,90.5,65.1,77.0,80.8,85.1,4.5,80.9,8.6,78.6
Student_1892,2892,85.1,60.4,87.7,84.7,87.6,4.9,36.9,10.0,78.8
Student_1893,2893,80.6,68.2,60.7,79.7,77.0,4.5,59.0,6.3,70.5
Student_1894,2894,83.9,73.5,62.8,85.2,77.2,2.6,59.1,6.5,71.7
Student_1895,2895,84.1,62.2,51.8,76.6,82.6,5.8,87.8,5.8,70.2
Student_1896,2896,81.3,74.9,68.4,82.7,83.7,5.2,53.3,8.7,76.9
Student_1897,2897,82.4,54.7,91.0,64.9,89.8,5.4,73.4,8.2,77.4
Student_1898,2898,100.0,61.6,73.6,73.1,65.2,5.9,68.1,5.7,74.8
Student_1899,2899,90.6,83.1,58.9,73.2,78.2,4.6,85.6,5.6,75.9
Student_1900,2900,82.0,82.2,69.2,76.3,67.3,6.2,78.9,8.4,79.0
Student_1901,2901,92.0,70.3,57.1,70.7,77.5,4.6,71.8,7.6,72.4
Student_1902,2902,81.7,62.8,61.5,74.7,75.7,3.7,61.7,8.1,69.2
Student_1903,2903,96.7,62.7,79.7,64.9,77.5,4.0,42.2,5.7,73.3
Student_1904,2904,88.7,70.5,60.9,85.5,70.0,4.0,73.7,4.2,71.4
Student_1905,2905,83.9,82.7,88.4,79.2,63.1,3.2,78.0,5.7,79.5
Student_1906,2906,89.5,86.1,74.1,62.9,57.1,6.4,46.4,8.0,78.1
Student_1907,2907,69.3,69.0,76.0,71.7,76.7,4.4,51.5,10.0,73.5
Student_1908,2908,73.7,61.2,71.7,83.4,73.7,4.1,73.8,6.4,70.9
Student_1909,2909,73.1,78.2,84.3,74.6,71.2,4.6,75.1,10.0,79.5
Student_1910,2910,86.4,65.1,84.4,73.0,91.2,8.5,55.1,8.2,82.1
Student_1911,2911,100.0,68.8,79.0,79.3,69.4,2.3,61.4,4.9,74.6
Student_1912,2912,100.0,90.9,81.8,83.4,92.2,2.7,42.5,7.3,84.2
Student_1913,2913,91.4,84.9,72.5,65.6,94.2,1.9,90.7,8.3,79.7
Student_1914,2914,90.0,76.9,81.5,85.5,58.5,3.7,50.5,4.0,75.7
Student_1915,2915,67.0,59.7,70.9,72.0,78.9,4.4,78.1,8.0,70.1
Student_1916,2916,79.6,77.5,75.0,79.8,74.0,3.3,69.5,8.8,76.7
Student_1917,2917,77.1,87.8,71.7,79.6,48.9,3.2,89.3,7.6,75.8
Student_1918,2918,78.8,70.5,69.5,74.7,63.6,4.2,58.1,6.9,71.2
Student_1919,2919,83.3,91.2,66.7,69.8,85.7,3.2,70.9,6.7,77.5
Student_1920,2920,80.3,90.5,80.6,77.1,98.2,4.5,44.5,6.7,82.4
Student_1921,2921,65.2,95.0,90.7,96.3,87.0,5.7,40.9,5.2,84.9
Student_1922,2922,92.5,78.7,89.1,66.4,81.2,5.0,78.9,6.0,82.6
Student_1923,2923,74.3,82.0,59.9,96.9,77.8,5.3,43.2,6.4,74.7
Student_1924,2924,87.4,92.0,90.5,77.4,94.8,5.6,66.6,7.2,88.6
Student_1925,2925,100.0,80.4,71.2,80.4,99.5,4.4,85.2,6.2,82.7
Student_1926,2926,75.8,69.0,82.2,69.1,72.1,3.8,81.2,5.7,73.9
Student_1927,2927,59.7,69.6,64.1,72.3,58.0,2.8,60.0,8.1,65.2
Student_1928,2928,82.1,77.9,76.7,75.0,57.0,3.4,46.2,7.6,73.7
Student_1929,2929,96.0,59.5,78.8,69.5,91.2,3.2,77.6,6.2,75.3
Student_1930,2930,100.0,73.3,57.2,77.9,77.5,5.1,90.1,7.8,76.7
Student_1931,2931,72.7,88.2,82.3,75.9,79.8,4.5,60.1,6.3,79.8
Student_1932,2932,90.0,48.7,91.2,98.5,60.1,5.0,58.0,7.1,75.7
Student_1933,2933,80.3,93.4,72.9,68.3,70.5,2.3,62.1,8.5,77.2
Student_1934,2934,83.9,88.5,91.3,81.0,75.0,6.1,78.6,6.1,86.2
Student_1935,2935,100.0,69.5,72.7,82.5,80.1,3.4,88.4,5.2,77.3
Student_1936,2936,70.0,81.5,85.2,69.3,74.0,2.3,51.4,6.8,74.8
Student_1937,2937,87.5,75.0,48.4,86.9,67.6,3.3,47.5,5.0,67.6
Student_1938,2938,89.7,89.8,100.0,76.0,70.2,7.7,100.0,6.6,91.6
Student_1939,2939,95.9,86.8,92.9,55.1,90.1,3.4,67.3,6.6,84.0
Student_1940,2940,86.0,58.2,71.6,86.6,80.4,3.5,73.8,4.0,71.3
Student_1941,2941,88.1,82.0,51.3,68.8,84.1,3.7,59.6,7.8,72.4
Student_1942,2942,81.1,72.5,78.5,69.5,69.0,3.8,77.3,6.7,74.8
Student_1943,2943,87.7,76.0,57.7,86.9,48.5,2.8,84.4,8.8,71.5
Student_1944,2944,81.6,66.3,80.3,76.5,72.8,4.2,74.5,7.3,75.4
Student_1945,2945,91.2,96.0,79.9,89.2,69.3,5.6,96.1,8.1,88.0
Student_1946,2946,81.3,87.5,63.7,92.1,81.5,4.5,65.1,8.8,79.5
Student_1947,2947,88.8,66.1,88.5,73.6,100.0,2.3,66.1,6.8,78.4
Student_1948,2948,84.7,59.0,84.7,87.9,85.0,3.5,73.5,7.0,76.5
Student_1949,2949,96.3,70.4,86.7,72.4,100.0,3.2,77.0,4.6,80.3
Student_1950,2950,84.5,80.2,75.1,100.0,83.7,4.1,73.4,8.9,82.1
Student_1951,2951,67.3,77.9,58.0,73.1,71.7,6.0,50.7,6.8,70.4
Student_1952,2952,97.6,90.0,86.7,90.3,81.5,3.8,74.7,5.5,86.3
Student_1953,2953,75.9,84.5,71.8,88.4,95.8,3.9,64.4,8.1,80.0
Student_1954,2954,78.5,86.6,58.3,83.2,96.3,6.7,61.3,4.0,77.6
Student_1955,2955,79.0,78.9,91.2,73.3,72.2,5.3,70.5,6.4,81.0
Student_1956,2956,98.7,58.3,100.0,78.5,80.5,4.9,55.6,8.4,82.1
Student_1957,2957,63.6,72.7,74.5,58.5,63.7,6.9,53.0,6.3,71.4
Student_1958,2958,100.0,87.7,100.0,82.2,86.2,4.7,30.8,5.9,88.0
Student_1959,2959,95.6,74.4,76.1,83.5,93.5,1.0,96.2,6.4,78.7
Student_1960,2960,87.2,81.0,70.4,81.3,78.4,5.2,78.3,4.0,78.0
Student_1961,2961,84.5,71.2,67.4,50.3,71.3,1.6,68.2,8.1,68.5
Student_1962,2962,87.9,62.6,94.6,67.3,81.6,4.7,60.0,6.8,78.4
Student_1963,2963,90.2,73.5,65.6,72.5,82.2,1.4,26.9,6.6,69.8
Student_1964,2964,91.5,78.7,83.8,82.9,78.8,3.3,59.1,6.6,80.1
Student_1965,2965,90.6,67.1,68.3,82.9,79.8,3.5,80.7,7.0,74.8
Student_1966,2966,85.9,72.2,69.5,78.3,76.3,2.8,84.1,8.0,74.8
Student_1967,2967,83.0,63.7,87.4,86.4,88.0,3.5,79.6,6.9,78.6
Student_1968,2968,83.5,88.4,70.4,69.7,85.4,5.5,72.4,5.0,79.4
Student_1969,2969,83.1,71.5,70.1,86.1,68.2,2.9,89.6,7.9,74.5
Student_1970,2970,96.3,92.4,88.6,84.7,67.9,4.8,65.1,7.7,86.9
Student_1971,2971,90.9,93.3,94.2,83.8,75.5,2.6,86.3,7.3,86.9
Student_1972,2972,55.6,74.0,82.7,78.2,85.4,3.7,64.2,8.6,75.0
Student_1973,2973,91.6,62.9,67.1,98.3,79.5,4.5,56.8,7.0,74.9
Student_1974,2974,86.9,50.0,68.9,84.9,71.6,2.5,54.9,8.7,68.0
Student_1975,2975,84.8,57.3,76.0,70.3,80.6,2.0,54.0,9.1,70.4
Student_1976,2976,81.1,58.5,78.9,82.5,74.7,4.7,79.9,7.9,74.8
Student_1977,2977,96.2,91.5,63.1,87.5,86.8,5.7,58.9,5.9,82.2
Student_1978,2978,94.5,76.4,83.7,74.1,81.3,3.9,54.5,6.8,79.7
Student_1979,2979,77.3,79.7,76.0,90.9,74.8,3.3,80.7,8.9,78.8
Student_1980,2980,89.1,48.4,54.4,83.8,80.3,4.2,74.9,4.8,65.8
Student_1981,2981,75.3,60.6,63.9,56.6,91.2,4.1,84.4,6.4,68.7
Student_1982,2982,71.2,85.6,69.0,83.0,72.3,4.4,77.7,6.5,76.5
Student_1983,2983,78.7,78.4,74.1,75.9,82.0,0.2,58.7,5.7,71.6
Student_1984,2984,93.6,73.2,97.7,85.4,77.3,2.4,71.1,8.3,83.2
Student_1985,2985,94.5,81.8,77.9,89.4,82.3,2.7,71.9,7.6,81.4
Student_1986,2986,90.1,94.6,64.9,82.0,71.5,4.2,56.2,5.9,78.8
Student_1987,2987,92.3,72.3,77.6,96.7,79.1,4.3,53.4,7.9,79.9
Student_1988,2988,90.2,75.8,70.8,78.2,89.1,5.0,59.8,6.8,78.3
Student_1989,2989,78.6,77.3,78.9,86.2,68.6,4.4,100.0,5.7,78.5
Student_1990,2990,89.3,100.0,82.0,88.0,64.7,2.0,63.8,5.9,82.3
Student_1991,2991,93.0,49.8,89.5,79.0,65.1,6.2,88.5,7.7,77.6
Student_1992,2992,92.5,83.2,74.7,87.8,66.3,5.9,63.0,8.4,82.0
Student_1993,2993,96.9,73.6,94.7,74.1,84.0,2.1,83.3,6.3,81.8
Student_1994,2994,92.1,81.8,85.9,75.8,63.9,4.5,83.5,7.8,82.3
Student_1995,2995,88.5,67.1,66.5,66.9,75.0,3.1,84.3,9.4,72.8
Student_1996,2996,95.7,74.4,100.0,82.4,84.2,4.2,75.8,5.1,85.1
Student_1997,2997,84.7,83.5,78.9,83.3,82.2,5.6,90.7,7.5,83.8
Student_1998,2998,76.2,100.0,65.0,91.8,74.1,7.2,75.7,8.2,84.4
Student_1999,2999,83.4,84.7,94.8,87.9,79.9,5.1,95.7,6.9,87.4
Student_2000,3000,77.6,64.8,99.9,77.2,79.1,4.4,45.7,8.9,79.6
Student_2001,3001,78.2,69.9,74.6,68.2,75.8,3.5,75.2,10.0,74.5
Student_2002,3002,83.6,69.6,69.0,84.3,75.9,4.3,74.2,7.5,74.9
Student_2003,3003,77.1,53.5,72.9,91.1,100.0,6.0,56.0,6.6,74.4
Student_2004,3004,81.9,71.0,83.6,87.6,86.1,3.9,78.7,8.5,80.4
Student_2005,3005,66.1,83.8,90.3,90.8,100.0,2.7,47.6,8.3,81.8
Student_2006,3006,87.1,59.7,81.8,77.9,73.0,1.6,60.2,4.0,70.1
Student_2007,3007,85.0,87.6,76.2,75.3,77.2,4.8,40.0,7.0,79.2
Student_2008,3008,76.8,80.9,93.0,72.6,64.7,4.4,93.4,6.4,81.1
Student_2009,3009,91.6,66.2,71.2,79.4,69.9,3.0,66.5,7.6,73.2
Student_2010,3010,94.4,73.3,87.4,79.2,97.0,5.5,100.0,6.7,85.8
Student_2011,3011,68.9,94.2,71.5,82.1,72.8,3.4,82.0,6.9,78.3
Student_2012,3012,77.4,83.8,80.2,78.7,97.2,3.8,76.7,5.7,80.7
Student_2013,3013,77.3,75.1,73.6,78.7,65.6,4.0,61.2,8.1,74.4
Student_2014,3014,75.6,72.1,74.3,72.2,67.5,3.5,54.3,9.5,72.9
Student_2015,3015,93.3,75.9,70.5,89.4,74.6,4.4,77.8,5.7,78.1
Student_2016,3016,83.1,68.9,91.1,80.8,77.4,5.7,68.9,4.9,79.9
Student_2017,3017,82.4,49.7,66.2,78.3,87.2,2.3,49.9,7.0,66.3
Student_2018,3018,65.0,99.5,66.1,72.5,82.5,4.7,47.2,7.0,77.3
Student_2019,3019,91.4,76.9,100.0,66.7,73.8,4.3,55.6,8.8,83.5
Student_2020,3020,72.6,79.8,86.7,93.1,76.7,4.2,97.3,5.2,81.2
Student_2021,3021,85.6,74.3,46.4,85.5,74.8,5.3,100.0,6.2,72.5
Student_2022,3022,87.8,66.2,68.2,63.8,68.9,4.1,73.1,4.0,69.8
Student_2023,3023,98.6,72.8,53.3,87.6,69.1,4.7,72.2,9.1,74.9
Student_2024,3024,71.9,55.8,63.6,89.2,88.3,5.1,65.0,7.4,70.4
Student_2025,3025,54.8,100.0,37.3,81.2,59.7,3.2,56.0,6.3,65.9
Student_2026,3026,86.8,60.2,73.4,96.0,94.2,4.4,90.6,5.0,76.9
Student_2027,3027,100.0,62.6,61.3,82.2,74.6,3.6,98.1,5.2,72.8
Student_2028,3028,97.4,69.7,75.7,65.8,70.3,3.8,56.6,7.6,75.1
Student_2029,3029,87.1,90.5,55.5,83.7,85.4,3.5,68.8,5.3,76.1
Student_2030,3030,80.1,75.2,76.0,82.4,92.9,4.7,63.3,7.2,78.9
Student_2031,3031,93.1,60.2,70.0,74.0,89.2,4.1,63.7,10.0,75.1
Student_2032,3032,75.3,90.1,93.0,85.7,83.0,4.6,87.8,6.5,86.3
Student_2033,3033,89.8,83.8,91.9,63.3,88.9,4.0,50.3,5.6,82.0
Student_2034,3034,90.1,81.5,84.4,89.9,60.8,1.6,77.0,7.6,79.3
Student_2035,3035,95.6,83.6,71.1,71.2,72.8,4.0,80.9,5.2,78.1
Student_2036,3036,100.0,100.0,98.8,70.2,68.9,4.1,67.9,9.6,91.0
Student_2037,3037,88.9,100.0,56.4,78.9,90.2,4.4,83.4,9.1,82.4
Student_2038,3038,79.9,66.8,58.2,84.3,74.2,3.1,72.2,6.8,69.2
Student_2039,3039,84.7,94.5,74.0,81.6,86.5,2.2,88.3,5.7,81.2
Student_2040,3040,67.3,79.6,100.0,72.6,83.4,4.9,47.2,6.4,81.1
Student_2041,3041,78.1,81.0,72.6,74.9,69.4,3.6,64.8,6.6,74.7
Student_2042,3042,80.9,54.7,72.8,68.7,72.1,4.3,68.9,7.6,69.6
Student_2043,3043,79.8,73.0,57.7,77.8,90.9,3.6,29.9,8.6,71.0
Student_2044,3044,86.5,65.2,86.4,90.8,70.2,4.0,53.7,5.4,76.5
Student_2045,3045,76.8,84.9,86.4,80.0,79.2,3.3,57.8,8.5,80.7
Student_2046,3046,96.2,87.9,84.5,88.6,70.2,2.5,84.2,7.9,84.1
Student_2047,3047,85.0,50.1,67.4,94.6,74.9,4.7,59.4,6.2,69.8
Student_2048,3048,84.9,74.7,66.5,74.1,77.5,3.1,57.7,5.4,71.9
Student_2049,3049,81.7,88.5,59.5,78.1,70.2,4.2,82.3,7.2,76.1
Student_2050,3050,86.6,72.8,76.0,100.0,68.4,4.6,45.7,5.4,76.7
Student_2051,3051,93.3,83.7,62.0,94.4,80.9,3.1,38.9,8.5,77.3
Student_2052,3052,76.3,79.2,60.9,63.3,69.6,2.2,64.6,5.3,68.0
Student_2053,3053,78.4,79.1,69.9,83.9,69.9,7.6,48.3,7.8,78.3
Student_2054,3054,82.0,71.7,69.1,80.0,68.6,3.2,48.9,6.9,71.4
Student_2055,3055,71.5,60.4,68.5,88.3,77.2,4.9,78.6,6.2,71.5
Student_2056,3056,76.8,61.5,80.6,72.6,87.4,6.9,83.1,6.8,77.5
Student_2057,3057,80.2,83.5,75.9,71.6,93.1,5.2,81.8,8.6,81.9
Student_2058,3058,93.7,75.2,71.5,73.2,70.7,3.5,86.6,5.2,75.5
Student_2059,3059,87.6,73.3,77.2,74.3,99.5,3.9,88.6,6.4,79.7
Student_2060,3060,86.9,69.9,63.1,88.2,68.0,2.8,38.1,5.9,69.5
Student_2061,3061,93.5,71.3,76.3,68.2,88.8,5.3,76.8,6.9,79.2
Student_2062,3062,83.6,87.6,76.8,73.8,70.8,4.8,62.1,6.0,79.0
Student_2063,3063,88.9,71.0,57.0,62.1,69.3,3.2,58.8,4.3,66.7
Student_2064,3064,84.0,58.9,86.9,90.1,70.6,2.4,78.4,5.4,74.2
Student_2065,3065,87.7,83.9,64.4,92.7,77.5,2.0,44.0,9.5,76.1
Student_2066,3066,79.2,72.5,76.1,76.7,83.8,5.5,43.7,7.4,76.5
Student_2067,3067,60.6,75.4,89.0,77.0,84.7,4.2,79.5,7.3,78.2
Student_2068,3068,83.7,94.3,86.1,84.5,68.6,4.3,77.3,6.6,84.4
Student_2069,3069,99.2,74.8,75.4,94.7,68.1,2.8,72.1,6.9,78.6
Student_2070,3070,94.3,78.5,70.7,84.1,68.8,1.8,56.8,6.4,74.5
Student_2071,3071,94.7,60.9,86.4,73.0,76.9,5.4,81.2,7.8,79.3
Student_2072,3072,97.4,72.4,83.1,63.8,75.9,4.1,80.2,7.2,79.1
Student_2073,3073,85.9,82.3,67.6,68.8,68.5,5.4,71.3,5.2,75.7
Student_2074,3074,87.0,56.3,65.5,80.7,80.7,3.4,52.3,7.4,69.4
Student_2075,3075,78.8,77.4,50.1,73.4,100.0,3.6,63.6,4.0,69.9
Student_2076,3076,81.8,76.2,76.8,81.9,73.0,5.1,82.6,7.6,79.0
Student_2077,3077,91.2,75.5,74.0,74.5,73.7,5.1,89.9,4.9,77.9
Student_2078,3078,97.0,87.4,88.6,69.4,83.6,5.2,65.1,6.9,85.8
Student_2079,3079,83.6,79.0,79.3,68.2,72.4,3.6,66.3,5.2,75.6
Student_2080,3080,80.5,92.7,91.0,95.6,84.7,4.9,67.6,7.0,87.8
Student_2081,3081,85.0,63.1,66.6,88.9,70.8,5.7,74.1,7.9,74.5
Student_2082,3082,91.0,76.6,88.7,97.3,96.3,3.8,61.3,9.3,85.7
Student_2083,3083,70.6,76.0,68.7,85.4,81.4,3.2,26.6,4.7,70.3
Student_2084,3084,62.0,62.2,84.3,75.7,71.8,6.0,87.9,8.5,75.4
Student_2085,3085,79.5,86.5,57.5,93.2,72.1,3.0,96.9,7.2,75.8
Student_2086,3086,72.8,100.0,77.8,79.7,72.9,4.9,60.8,6.3,81.7
Student_2087,3087,79.9,74.8,51.2,82.2,91.7,3.9,54.0,8.1,71.6
Student_2088,3088,83.5,81.1,71.8,79.6,65.3,1.2,67.9,6.6,73.1
Student_2089,3089,80.5,76.0,80.3,50.5,71.3,5.7,67.2,8.1,76.4
Student_2090,3090,99.5,66.4,68.7,96.0,72.4,0.0,84.9,5.5,72.6
Student_2091,3091,88.3,53.2,62.4,84.9,77.8,1.0,70.8,6.1,66.0
Student_2092,3092,88.0,66.5,85.2,83.3,75.3,4.8,58.1,8.4,78.9
Student_2093,3093,91.2,58.3,73.8,79.4,63.1,4.8,50.2,9.2,72.9
Student_2094,3094,73.6,95.4,69.1,81.6,74.0,3.0,83.0,6.9,78.3
Student_2095,3095,95.4,73.6,75.5,74.0,77.0,4.2,79.0,4.0,76.9
Student_2096,3096,84.2,70.8,100.0,86.2,71.7,0.2,85.9,6.7,79.0
Student_2097,3097,91.7,85.7,88.8,66.9,84.9,5.1,55.5,7.0,83.9
Student_2098,3098,74.3,61.5,89.0,81.9,87.2,4.4,97.6,6.7,78.3
Student_2099,3099,69.5,65.8,80.2,85.6,77.2,3.9,43.8,7.5,73.0
Student_2100,3100,93.2,75.8,77.0,78.0,80.3,4.0,80.6,6.3,79.1
Student_2101,3101,88.8,87.3,46.2,83.7,56.4,4.7,41.4,8.3,71.6
Student_2102,3102,76.0,81.0,66.9,70.1,73.8,4.0,58.1,5.2,72.3
Student_2103,3103,76.3,78.0,69.2,70.3,88.0,1.2,93.4,8.9,74.4
Student_2104,3104,96.3,75.9,52.5,82.4,73.8,7.3,82.5,9.3,78.3
Student_2105,3105,73.1,79.8,61.1,86.8,70.6,5.8,61.8,5.6,73.6
Student_2106,3106,100.0,77.4,51.2,61.3,100.0,2.1,62.2,5.6,71.3
Student_2107,3107,76.0,62.6,74.5,85.2,96.2,3.5,71.5,7.6,74.6
Student_2108,3108,91.4,75.6,84.8,74.6,82.7,3.6,77.7,5.2,79.7
Student_2109,3109,81.7,62.1,88.3,78.1,89.4,5.6,88.8,6.3,79.8
Student_2110,3110,91.0,76.0,80.0,66.6,55.7,0.8,63.2,8.7,73.3
Student_2111,3111,79.6,69.2,63.4,71.5,70.1,3.3,45.8,8.1,68.9
Student_2112,3112,83.4,100.0,51.8,89.7,73.3,1.4,72.4,10.0,76.7
Student_2113,3113,85.4,74.5,53.9,80.3,75.6,3.6,63.1,7.3,70.9
Student_2114,3114,75.0,58.1,59.8,76.2,73.1,3.3,50.5,6.1,64.6
Student_2115,3115,92.4,73.4,64.3,78.8,52.5,4.1,74.5,7.1,72.8
Student_2116,3116,79.9,81.2,73.1,84.9,81.9,3.1,66.8,6.8,77.1
Student_2117,3117,82.7,95.1,62.8,84.4,83.4,2.9,74.6,6.8,78.7
Student_2118,3118,75.1,67.9,79.1,79.2,94.0,4.9,56.6,7.0,76.5
Student_2119,3119,59.4,56.0,72.2,90.9,70.1,4.7,77.3,5.6,68.3
Student_2120,3120,83.1,84.8,75.1,89.7,69.3,4.8,50.2,7.4,79.4
Student_2121,3121,100.0,58.4,88.7,84.1,51.2,3.7,57.6,4.9,74.3
Student_2122,3122,92.8,69.8,60.8,80.5,75.1,3.1,66.4,5.9,71.6
Student_2123,3123,84.8,71.9,80.0,86.6,87.0,3.8,96.1,6.8,80.1
Student_2124,3124,82.4,74.2,74.8,83.1,71.9,4.8,81.8,4.0,76.1
Student_2125,3125,85.2,83.3,71.0,90.6,99.4,0.7,86.2,8.2,79.4
Student_2126,3126,90.5,66.8,85.6,89.0,75.4,4.6,91.3,4.0,79.2
Student_2127,3127,73.2,71.7,85.5,69.8,79.5,4.5,100.0,8.0,78.7
Student_2128,3128,96.1,74.8,63.6,69.1,64.4,4.1,70.6,5.1,72.5
Student_2129,3129,92.2,76.8,72.8,73.0,80.9,3.8,91.3,6.4,78.1
Student_2130,3130,92.2,76.2,78.4,89.8,58.2,0.2,85.2,7.8,75.6
Student_2131,3131,89.4,80.2,71.7,64.2,84.9,3.3,84.9,10.0,78.8
Student_2132,3132,85.2,85.1,82.0,83.9,85.2,6.7,96.6,7.2,86.5
Student_2133,3133,91.7,79.7,78.4,83.6,91.6,4.0,63.7,4.0,79.9
Student_2134,3134,90.9,80.4,97.0,91.6,67.8,3.5,62.5,8.4,84.7
Student_2135,3135,81.5,56.0,56.6,81.8,79.6,4.0,74.8,6.7,67.6
Student_2136,3136,79.3,75.6,73.5,66.6,83.6,4.5,67.3,7.1,75.6
Student_2137,3137,86.0,80.8,64.1,70.4,82.4,5.0,74.8,7.8,77.1
Student_2138,3138,100.0,83.7,82.2,68.2,69.3,3.7,93.4,4.0,80.6
Student_2139,3139,72.6,66.7,55.6,74.6,54.1,4.6,62.8,7.0,65.6
Student_2140,3140,70.3,67.1,79.2,78.2,81.5,6.5,65.4,6.4,76.0
Student_2141,3141,86.6,68.1,67.4,68.3,76.5,5.5,72.6,8.8,74.8
Student_2142,3142,85.5,81.4,66.2,94.7,72.3,7.5,66.6,8.1,81.4
Student_2143,3143,86.7,87.4,57.6,66.7,85.6,3.0,41.3,4.6,71.9
Student_2144,3144,87.4,70.1,69.4,93.5,77.6,6.5,61.3,8.9,79.2
Student_2145,3145,82.8,85.9,88.0,91.9,64.8,2.8,80.3,7.7,82.2
Student_2146,3146,99.9,76.5,74.7,89.0,58.7,4.5,91.6,4.7,79.0
Student_2147,3147,69.0,73.5,82.5,73.1,66.7,5.1,52.7,7.1,74.6
Student_2148,3148,76.7,72.5,95.0,83.4,100.0,3.2,52.6,8.6,81.8
Student_2149,3149,84.0,84.0,78.2,67.2,85.2,4.1,70.5,5.2,78.6
Student_2150,3150,68.6,78.9,68.3,89.1,79.9,5.4,38.9,9.1,75.8
Student_2151,3151,83.2,100.0,80.6,79.3,76.2,2.9,63.3,4.7,81.6
Student_2152,3152,100.0,64.8,68.5,75.9,75.5,6.5,44.0,5.8,75.0
Student_2153,3153,85.2,81.2,68.9,67.8,89.7,1.9,90.5,5.6,75.3
Student_2154,3154,87.3,68.6,56.8,55.2,73.1,6.9,58.5,9.1,71.7
Student_2155,3155,72.4,64.6,86.1,69.6,83.8,5.5,94.8,6.3,77.3
Student_2156,3156,78.8,74.9,70.4,91.1,74.5,3.9,86.7,5.3,75.7
Student_2157,3157,81.2,76.6,77.2,76.0,97.4,3.4,60.3,7.7,78.2
Student_2158,3158,81.8,100.0,62.6,78.3,85.4,3.2,53.9,8.0,79.2
Student_2159,3159,97.8,72.8,80.2,86.6,90.5,3.8,67.1,8.0,81.8
Student_2160,3160,90.6,61.4,65.9,98.1,72.2,3.9,68.4,6.6,73.1
Student_2161,3161,73.9,78.3,73.3,93.3,88.6,5.9,75.2,7.4,80.5
Student_2162,3162,87.5,50.1,85.5,70.3,74.9,7.0,58.4,6.0,74.4
Student_2163,3163,90.0,73.9,84.5,60.6,79.1,4.3,81.2,9.5,80.2
Student_2164,3164,96.4,75.2,74.7,100.0,94.4,2.7,74.0,8.7,82.1
Student_2165,3165,100.0,84.5,53.8,100.0,67.6,3.2,64.9,8.6,77.1
Student_2166,3166,74.8,86.7,100.0,81.9,80.0,3.7,59.3,8.2,84.8
Student_2167,3167,76.9,69.0,96.0,67.3,82.4,2.5,67.2,7.8,77.5
Student_2168,3168,72.4,73.2,83.7,89.6,83.2,2.2,57.7,5.1,75.0
Student_2169,3169,82.7,65.8,66.0,78.9,73.5,7.1,70.9,7.9,75.2
Student_2170,3170,89.7,61.5,73.6,78.9,98.9,4.5,71.3,7.2,76.6
Student_2171,3171,94.9,78.7,68.5,88.9,65.1,2.8,73.9,8.9,77.4
Student_2172,3172,84.2,59.7,90.2,83.3,92.6,5.2,96.5,8.2,81.9
Student_2173,3173,81.8,70.0,78.2,68.1,90.2,2.2,68.0,7.8,74.7
Student_2174,3174,86.5,63.1,65.6,76.8,97.0,2.4,85.1,4.5,71.5
Student_2175,3175,76.6,81.6,69.4,86.6,62.1,2.8,73.4,6.9,74.1
Student_2176,3176,100.0,96.6,88.5,85.1,69.3,6.5,66.4,6.2,89.6
Student_2177,3177,68.9,59.4,94.2,82.6,92.9,3.6,68.2,7.4,77.1
Student_2178,3178,86.8,52.8,93.3,89.3,59.2,0.3,69.1,6.4,71.3
Student_2179,3179,100.0,73.5,84.1,76.4,61.9,5.8,74.2,6.6,81.1
Student_2180,3180,85.1,75.2,72.0,81.8,73.1,3.5,55.6,7.7,75.2
Student_2181,3181,83.1,77.6,36.1,46.2,79.9,1.2,48.0,6.4,60.3
Student_2182,3182,81.4,69.6,78.6,75.5,93.9,3.5,79.8,7.2,77.3
Student_2183,3183,83.2,72.6,75.0,87.6,76.1,4.8,83.5,4.7,77.1
Student_2184,3184,98.7,79.4,76.7,76.1,71.9,4.6,81.2,5.8,80.3
Student_2185,3185,62.9,87.5,75.6,75.3,81.1,6.7,72.3,8.0,80.2
Student_2186,3186,100.0,51.5,59.1,69.6,82.7,2.7,81.5,5.2,67.2
Student_2187,3187,70.8,70.6,81.7,90.0,82.4,4.1,80.7,8.9,78.5
Student_2188,3188,82.3,77.6,82.6,85.5,76.2,3.0,81.8,8.5,79.8
Student_2189,3189,80.7,64.0,83.2,88.3,58.4,1.7,57.1,6.6,71.4
Student_2190,3190,90.9,95.8,86.4,62.7,68.8,5.3,53.5,10.0,85.3
Student_2191,3191,69.0,67.4,82.2,78.4,92.2,4.7,64.2,8.9,77.2
Student_2192,3192,89.6,74.5,70.1,77.2,79.9,4.4,69.7,5.6,75.9
Student_2193,3193,100.0,81.7,74.1,77.2,74.8,4.6,66.4,8.1,81.1
Student_2194,3194,71.4,67.9,76.1,73.8,89.2,3.0,41.8,7.1,71.7
Student_2195,3195,86.9,52.8,76.3,76.5,66.7,2.5,95.8,5.8,69.9
Student_2196,3196,78.4,69.9,87.0,88.5,75.7,4.1,65.9,5.4,77.4
Student_2197,3197,89.3,87.4,82.7,60.9,79.4,5.7,72.6,8.5,83.6
Student_2198,3198,85.2,71.0,99.9,97.8,73.6,6.4,88.7,6.1,86.5
Student_2199,3199,78.6,64.8,100.0,84.8,79.0,5.2,34.8,6.8,79.7
Student_2200,3200,89.9,86.1,76.0,79.6,76.1,4.0,62.3,5.6,79.4
Student_2201,3201,100.0,71.0,29.0,89.1,64.0,4.4,64.2,5.9,65.9
Student_2202,3202,83.1,68.9,89.8,65.5,79.8,4.0,65.0,6.8,77.3
Student_2203,3203,92.2,76.8,68.5,73.4,64.7,2.5,67.4,7.6,73.6
Student_2204,3204,72.1,84.2,65.4,78.8,79.7,4.0,91.7,4.0,74.7
Student_2205,3205,75.4,100.0,70.2,93.7,91.7,2.0,80.1,7.0,81.9
Student_2206,3206,89.7,84.9,69.6,79.5,75.2,3.8,84.4,5.9,78.6
Student_2207,3207,99.8,88.9,82.3,84.5,66.3,6.5,70.7,9.1,87.4
Student_2208,3208,88.6,68.9,56.3,74.1,76.7,5.2,49.0,10.0,72.3
Student_2209,3209,81.9,62.7,62.1,84.9,69.7,2.6,38.8,6.5,66.7
Student_2210,3210,85.0,75.7,79.1,96.8,83.9,3.9,47.1,4.4,78.0
Student_2211,3211,72.5,76.3,82.5,90.0,76.5,2.7,75.4,7.2,77.3
Student_2212,3212,91.0,62.1,82.7,79.2,95.1,3.9,70.5,6.7,78.0
Student_2213,3213,93.8,72.9,65.6,86.8,89.6,5.6,66.8,10.0,80.3
Student_2214,3214,80.5,79.8,63.3,85.8,76.5,5.0,64.5,9.5,77.0
Student_2215,3215,80.3,79.3,68.9,85.1,85.2,7.7,100.0,8.3,83.1
Student_2216,3216,87.7,81.1,77.9,91.1,74.1,5.8,57.7,6.1,81.3
Student_2217,3217,80.6,78.5,92.8,91.0,78.3,4.3,83.9,8.0,84.3
Student_2218,3218,84.3,68.9,50.4,78.7,74.4,5.0,70.0,7.4,69.9
Student_2219,3219,100.0,68.8,72.4,86.4,85.7,3.7,69.1,7.4,78.4
Student_2220,3220,82.5,60.6,59.0,76.2,92.3,2.3,87.6,4.7,68.1
Student_2221,3221,81.4,96.4,55.2,70.8,86.0,6.0,91.9,8.6,80.7
Student_2222,3222,78.5,75.2,86.6,77.3,87.2,5.5,66.4,7.2,81.1
Student_2223,3223,92.4,72.3,81.5,79.2,87.2,3.6,82.0,6.8,80.1
Student_2224,3224,83.2,63.9,80.4,63.4,83.5,4.4,75.5,6.1,74.5
Student_2225,3225,78.5,100.0,86.1,88.6,66.6,5.9,70.1,5.8,86.1
Student_2226,3226,98.2,62.1,69.2,52.3,95.0,5.3,73.1,7.5,75.0
Student_2227,3227,99.2,69.9,69.8,100.0,96.0,1.8,59.7,4.4,76.4
Student_2228,3228,79.0,80.0,100.0,95.0,75.7,4.4,65.4,8.2,85.7
Student_2229,3229,66.3,82.2,72.0,77.4,74.3,3.7,61.3,5.4,73.1
Student_2230,3230,95.1,86.5,83.8,80.1,84.1,5.7,83.5,4.0,85.1
Student_2231,3231,78.2,96.7,75.1,83.0,83.5,5.5,68.6,9.7,85.2
Student_2232,3232,92.9,81.1,52.8,74.1,76.0,6.0,50.5,5.7,73.8
Student_2233,3233,65.3,62.3,50.5,81.9,65.5,2.3,59.1,5.9,60.9
Student_2234,3234,93.9,71.9,68.1,78.6,81.1,2.8,22.0,8.7,73.3
Student_2235,3235,72.9,78.7,87.7,79.1,83.5,5.7,62.6,9.8,82.6
Student_2236,3236,92.3,99.8,84.5,81.8,85.3,3.1,70.6,4.7,85.6
Student_2237,3237,85.1,58.2,86.0,66.9,81.5,1.7,68.0,5.6,71.6
Student_2238,3238,75.5,89.4,63.2,80.4,75.3,4.8,99.7,5.7,77.7
Student_2239,3239,80.9,77.2,94.4,81.6,87.9,3.2,78.6,8.4,83.4
Student_2240,3240,91.9,85.1,63.4,81.3,78.7,6.7,78.0,9.5,82.3
Student_2241,3241,86.1,73.8,77.6,77.8,73.4,4.4,45.4,5.4,75.3
Student_2242,3242,90.8,64.9,74.9,91.4,76.2,4.2,64.5,9.1,77.3
Student_2243,3243,100.0,84.0,72.9,76.5,60.5,3.4,62.7,5.9,77.3
Student_2244,3244,69.4,82.9,91.1,82.3,76.2,6.4,58.2,7.5,82.8
Student_2245,3245,100.0,86.7,66.5,93.0,84.9,4.5,58.0,5.1,81.1
Student_2246,3246,86.0,74.8,58.8,79.2,81.4,3.4,42.9,6.8,71.3
Student_2247,3247,76.0,67.8,75.2,82.1,93.2,2.8,50.9,6.8,73.5
Student_2248,3248,71.7,56.3,70.2,79.0,75.4,3.9,83.1,6.5,69.1
Student_2249,3249,83.1,84.8,100.0,92.4,82.9,2.5,67.9,7.6,85.8
Student_2250,3250,94.2,80.1,83.1,77.4,85.9,5.5,62.4,5.5,82.7
Student_2251,3251,83.7,63.4,70.1,92.8,100.0,1.3,69.9,5.7,72.8
Student_2252,3252,100.0,68.5,62.3,79.0,79.4,3.8,87.5,7.7,75.5
Student_2253,3253,70.5,69.4,52.4,71.4,67.6,4.9,70.1,9.0,67.9
Student_2254,3254,84.9,57.2,62.7,86.8,86.5,4.5,78.1,7.0,72.0
Student_2255,3255,72.5,65.2,76.4,77.0,96.7,2.9,57.3,7.8,73.3
Student_2256,3256,88.6,61.4,92.1,86.2,74.8,5.0,60.7,8.1,79.9
Student_2257,3257,93.9,70.1,88.5,52.7,86.4,2.7,75.3,8.2,78.2
Student_2258,3258,80.8,66.1,77.7,80.1,90.3,4.0,98.4,5.6,76.8
Student_2259,3259,59.0,55.5,71.1,75.4,88.2,5.0,91.4,5.8,69.3
Student_2260,3260,87.0,99.3,78.2,69.4,79.3,4.7,78.7,6.0,83.8
Student_2261,3261,89.4,90.0,68.8,74.5,71.0,3.0,72.3,9.9,79.2
Student_2262,3262,89.0,65.7,95.6,74.3,77.2,5.8,91.0,7.8,83.1
Student_2263,3263,97.4,78.3,72.7,79.5,82.6,4.1,81.9,7.7,80.6
Student_2264,3264,74.3,80.0,74.0,66.3,87.1,5.1,35.6,7.5,75.7
Student_2265,3265,91.8,89.3,48.4,83.2,81.3,6.3,54.2,5.0,76.1
Student_2266,3266,96.9,65.2,72.7,93.7,74.2,5.7,75.1,9.9,80.2
Student_2267,3267,67.2,88.1,85.0,82.8,83.6,5.7,43.2,7.7,81.7
Student_2268,3268,88.2,68.4,62.2,88.1,86.6,4.3,56.5,8.1,74.4
Student_2269,3269,80.0,59.0,66.0,90.9,81.8,5.2,59.5,4.4,70.9
Student_2270,3270,84.2,83.7,84.5,92.4,69.6,4.3,66.2,8.2,82.6
Student_2271,3271,88.5,90.5,57.3,98.7,76.2,2.2,65.7,6.5,76.5
Student_2272,3272,80.1,100.0,87.7,75.0,87.5,4.5,65.7,5.0,85.5
Student_2273,3273,78.2,60.6,68.6,72.8,64.2,4.4,82.4,5.6,69.1
Student_2274,3274,85.3,83.4,70.3,87.8,57.1,4.9,66.0,5.1,76.4
Student_2275,3275,74.1,70.1,61.5,87.1,93.1,3.8,64.2,5.1,71.5
Student_2276,3276,74.1,84.4,79.5,87.8,83.1,2.9,49.8,7.1,78.0
Student_2277,3277,91.8,57.4,100.0,98.9,84.1,5.0,85.4,6.4,83.9
Student_2278,3278,73.5,59.8,84.4,80.1,67.2,2.0,59.9,7.5,70.5
Student_2279,3279,91.7,65.7,64.6,84.3,85.4,6.2,53.7,9.5,76.9
Student_2280,3280,89.6,75.9,88.6,70.2,80.8,3.7,73.2,6.8,80.4
Student_2281,3281,67.7,67.3,71.2,100.0,62.2,4.4,58.5,4.0,70.4
Student_2282,3282,78.2,82.9,91.5,76.6,92.2,4.8,62.1,6.6,83.5
Student_2283,3283,96.9,87.3,84.7,76.9,79.6,4.9,73.9,8.8,86.2
Student_2284,3284,75.2,82.2,39.7,76.5,74.0,1.9,65.1,6.9,65.4
Student_2285,3285,80.4,94.4,63.0,73.6,74.2,5.2,100.0,9.3,81.0
Student_2286,3286,89.6,80.0,86.3,72.7,57.8,4.5,68.9,7.7,79.9
Student_2287,3287,92.8,60.4,76.8,74.8,83.9,3.0,79.3,4.2,73.2
Student_2288,3288,82.5,91.4,62.7,66.3,80.6,2.9,40.9,7.2,74.1
Student_2289,3289,79.0,67.7,67.4,72.1,76.1,3.5,57.1,7.4,70.5
Student_2290,3290,99.2,85.9,52.1,99.5,90.8,2.1,53.7,8.6,77.5
Student_2291,3291,100.0,93.9,73.9,87.4,64.2,6.6,55.7,9.7,86.3
Student_2292,3292,94.8,80.5,100.0,89.3,72.0,6.2,76.2,8.4,89.7
Student_2293,3293,85.9,57.0,84.7,91.8,69.5,4.7,85.5,7.7,77.3
Student_2294,3294,76.9,64.0,100.0,98.3,75.2,3.7,75.2,8.0,81.4
Student_2295,3295,76.7,90.9,85.6,62.3,78.7,3.7,66.6,6.7,80.1
Student_2296,3296,90.2,73.0,87.3,67.7,82.3,5.1,60.5,4.8,79.2
Student_2297,3297,89.2,76.0,98.7,72.0,74.5,6.6,86.7,7.1,86.2
Student_2298,3298,99.0,84.1,79.5,75.3,69.2,3.1,100.0,7.5,82.1
Student_2299,3299,91.5,83.4,72.8,77.0,94.9,2.3,72.0,5.2,78.4
Student_2300,3300,70.0,78.3,87.4,75.5,100.0,6.3,84.1,9.0,84.5
Student_2301,3301,95.5,72.5,92.4,82.2,79.4,1.3,75.2,8.5,81.1
Student_2302,3302,75.0,71.2,69.2,80.4,70.4,2.5,81.3,4.9,70.4
Student_2303,3303,81.2,85.3,66.3,72.8,92.8,3.6,52.5,9.0,77.5
Student_2304,3304,87.5,81.6,76.7,58.2,63.5,1.7,62.7,6.5,73.0
Student_2305,3305,100.0,71.9,85.0,70.1,74.7,5.7,75.9,5.8,81.1
Student_2306,3306,100.0,88.0,84.6,74.5,71.0,5.3,88.2,8.6,86.8
Student_2307,3307,91.1,73.5,57.9,77.5,66.4,3.1,57.7,6.9,70.3
Student_2308,3308,83.2,64.8,97.9,68.7,75.2,5.9,39.5,9.8,80.4
Student_2309,3309,90.3,65.9,67.3,75.1,69.4,6.2,62.5,5.7,73.5
Student_2310,3310,93.9,63.3,71.8,68.7,78.1,3.8,85.2,4.4,72.9
Student_2311,3311,81.8,71.7,64.2,78.7,78.3,3.3,46.2,6.6,70.8
Student_2312,3312,100.0,89.8,100.0,69.3,71.8,7.4,52.3,8.2,90.6
Student_2313,3313,87.3,65.3,77.9,71.5,74.3,5.1,72.3,5.6,75.0
Student_2314,3314,90.0,77.3,64.8,66.9,75.7,4.4,68.3,5.0,73.6
Student_2315,3315,91.7,67.1,85.4,78.5,86.1,6.0,78.9,7.3,82.0
Student_2316,3316,89.2,71.9,84.2,71.3,76.5,4.5,51.6,4.8,76.8
Student_2317,3317,93.4,56.9,72.7,89.1,86.2,3.2,65.1,7.5,74.2
Student_2318,3318,78.8,72.4,85.1,84.1,83.9,4.1,87.9,6.5,79.7
Student_2319,3319,79.4,72.7,65.1,79.3,83.7,5.6,52.1,7.7,74.7
Student_2320,3320,74.0,81.5,69.1,72.0,91.9,1.0,92.2,4.9,73.2
Student_2321,3321,89.4,77.7,50.9,83.8,66.8,3.6,54.0,8.9,71.5
Student_2322,3322,92.8,60.6,59.1,86.9,73.3,6.1,82.7,6.7,73.5
Student_2323,3323,89.6,88.0,96.7,81.4,95.6,3.2,64.4,8.1,87.8
Student_2324,3324,100.0,77.5,94.7,96.0,75.4,6.3,52.8,8.4,88.4
Student_2325,3325,84.9,77.4,75.8,84.6,49.8,6.1,62.5,5.3,76.4
Student_2326,3326,91.7,74.9,95.0,89.1,76.0,3.9,78.2,8.3,84.7
Student_2327,3327,74.1,68.8,73.1,81.3,79.3,3.1,69.9,4.9,71.7
Student_2328,3328,81.1,77.6,72.1,86.8,51.8,3.6,86.8,4.9,73.8
Student_2329,3329,92.0,80.7,75.7,72.0,91.3,8.0,91.5,9.9,86.8
Student_2330,3330,93.5,54.0,73.5,75.4,70.9,6.8,52.3,8.7,74.2
Student_2331,3331,82.1,68.5,72.4,83.5,81.3,4.2,51.2,10.0,75.8
Student_2332,3332,84.3,71.9,88.7,83.4,75.7,3.1,50.4,6.4,77.5
Student_2333,3333,69.8,78.1,76.8,85.1,65.1,4.2,56.5,7.2,74.9
Student_2334,3334,81.4,89.3,83.5,91.0,67.3,4.4,86.6,7.8,83.8
Student_2335,3335,93.9,65.7,87.4,65.8,68.6,2.1,78.4,7.0,75.3
Student_2336,3336,90.8,69.0,79.7,70.3,88.9,4.1,61.8,5.9,76.8
Student_2337,3337,90.0,68.8,63.4,82.3,76.5,6.0,69.8,5.7,74.8
Student_2338,3338,85.5,65.4,58.8,72.8,72.8,1.3,91.1,7.3,67.9
Student_2339,3339,85.1,70.8,76.8,100.0,68.7,5.2,98.6,5.4,79.4
Student_2340,3340,78.4,84.2,72.9,85.2,90.0,6.1,73.9,5.4,81.0
Student_2341,3341,92.0,62.4,76.0,79.2,92.6,3.2,30.1,7.6,74.1
Student_2342,3342,89.2,80.1,74.8,74.8,89.8,6.5,74.5,6.9,82.3
Student_2343,3343,89.9,54.6,100.0,75.2,82.9,3.0,84.0,8.4,79.4
Student_2344,3344,79.7,68.3,59.0,80.3,80.9,4.7,73.4,6.4,71.5
Student_2345,3345,63.5,71.0,51.1,81.1,65.8,3.5,80.9,6.1,65.3
Student_2346,3346,96.0,95.1,79.0,75.4,75.5,3.5,75.4,7.6,84.1
Student_2347,3347,80.2,71.7,70.5,77.3,71.2,3.1,51.5,5.8,71.0
Student_2348,3348,76.4,48.6,78.8,93.4,59.7,5.0,56.7,6.0,69.5
Student_2349,3349,91.9,51.0,82.0,93.8,88.6,5.3,65.2,6.1,76.9
Student_2350,3350,81.1,75.4,90.4,82.5,71.0,3.9,86.0,6.7,80.5
Student_2351,3351,95.6,82.4,56.9,66.6,90.0,2.0,58.5,9.7,74.6
Student_2352,3352,91.2,79.5,68.3,85.4,86.8,4.6,76.8,4.9,78.7
Student_2353,3353,91.8,77.0,80.1,95.5,83.6,4.6,74.6,8.9,83.7
Student_2354,3354,71.3,88.9,84.2,93.7,84.1,3.7,93.8,8.1,84.2
Student_2355,3355,97.1,68.5,100.0,87.3,71.8,6.8,69.4,9.4,87.5
Student_2356,3356,87.6,85.7,86.5,94.2,96.6,1.7,43.7,10.0,84.2
Student_2357,3357,81.3,55.4,74.3,80.5,78.4,0.7,79.7,9.1,69.8
Student_2358,3358,86.4,64.1,64.3,86.3,81.0,2.9,100.0,8.4,73.9
Student_2359,3359,67.2,53.3,68.2,73.2,71.5,5.1,80.7,5.0,66.5
Student_2360,3360,89.1,71.7,67.9,82.9,68.7,2.4,58.2,5.2,71.4
Student_2361,3361,74.7,74.4,82.9,93.3,82.8,2.5,53.8,7.5,77.1
Student_2362,3362,71.5,76.4,78.1,74.1,80.2,5.4,55.7,4.5,75.3
Student_2363,3363,69.8,75.7,59.1,71.4,70.1,4.7,100.0,7.9,72.0
Student_2364,3364,96.1,63.9,69.8,81.0,63.6,4.6,65.1,4.0,72.2
Student_2365,3365,78.7,72.7,85.5,77.7,65.3,5.2,60.1,8.7,78.2
Student_2366,3366,100.0,57.0,79.2,86.5,90.0,3.4,67.6,6.5,76.7
Student_2367,3367,79.6,91.4,81.8,75.5,71.9,3.4,65.2,7.2,80.2
Student_2368,3368,67.9,71.4,79.6,97.2,74.6,5.2,93.5,5.9,78.0
Student_2369,3369,73.8,69.1,94.5,67.1,92.5,2.0,54.8,4.2,74.8
Student_2370,3370,97.4,94.1,77.8,92.5,66.8,0.8,87.7,8.9,83.2
Student_2371,3371,83.4,60.1,70.4,72.4,70.7,3.4,71.8,9.0,70.9
Student_2372,3372,79.5,61.5,64.0,62.0,70.3,5.4,88.1,6.5,69.5
Student_2373,3373,86.6,61.8,78.0,82.4,94.2,4.4,93.7,8.0,78.7
Student_2374,3374,90.0,74.2,45.7,77.5,97.9,5.3,71.3,6.4,73.1
Student_2375,3375,96.2,80.2,72.8,68.9,85.5,1.0,65.3,7.4,76.0
Student_2376,3376,99.5,83.9,72.5,63.2,85.8,4.5,71.0,8.1,81.1
Student_2377,3377,81.4,100.0,58.6,79.9,72.2,5.0,68.6,7.8,79.4
Student_2378,3378,71.7,48.0,63.9,89.8,97.5,2.0,45.1,9.0,66.2
Student_2379,3379,80.9,82.3,84.7,85.8,80.7,5.3,93.3,7.8,84.4
Student_2380,3380,87.6,68.3,77.8,80.6,86.5,3.8,73.7,7.0,77.4
Student_2381,3381,75.4,68.0,76.2,84.8,76.9,8.6,52.6,5.9,77.6
Student_2382,3382,75.4,67.6,78.7,79.7,75.3,0.7,39.0,6.3,69.1
Student_2383,3383,88.4,64.1,76.1,65.7,94.6,6.1,35.1,8.2,76.2
Student_2384,3384,84.5,95.2,89.9,65.8,83.4,3.4,81.6,4.7,83.6
Student_2385,3385,85.3,85.1,76.5,78.0,92.5,1.6,60.7,8.7,79.3
Student_2386,3386,77.4,75.3,57.5,78.4,80.6,3.2,63.2,6.6,70.3
Student_2387,3387,82.7,91.2,94.6,88.5,69.5,4.4,77.3,5.8,85.8
Student_2388,3388,75.8,56.8,79.4,87.6,72.2,5.6,62.3,5.4,72.9
Student_2389,3389,93.9,59.0,67.9,86.1,79.0,6.6,78.2,8.0,76.8
Student_2390,3390,95.4,48.9,60.0,77.2,71.7,6.1,71.4,7.0,69.6
Student_2391,3391,66.5,66.6,79.8,66.2,66.9,2.6,68.7,9.4,70.6
Student_2392,3392,75.7,76.9,73.6,84.1,90.0,5.7,46.4,5.1,77.0
Student_2393,3393,70.0,76.2,93.9,85.3,72.6,4.6,57.7,6.1,79.4
Student_2394,3394,78.5,76.8,70.8,56.1,79.4,3.0,79.0,6.9,72.5
Student_2395,3395,84.2,58.1,65.0,71.7,81.0,3.7,59.8,5.9,68.3
Student_2396,3396,70.5,84.6,85.7,73.1,72.1,2.9,88.1,7.0,78.5
Student_2397,3397,75.8,77.9,86.1,81.2,92.5,4.1,100.0,7.5,82.6
Student_2398,3398,75.0,83.8,77.0,72.0,66.8,2.9,79.8,7.7,76.1
Student_2399,3399,87.1,52.3,83.1,79.6,80.6,2.5,92.4,9.3,74.7
Student_2400,3400,85.7,78.7,74.5,77.9,80.5,4.7,80.8,5.0,78.2
Student_2401,3401,77.8,60.7,77.8,78.4,77.5,4.9,62.0,7.5,73.6
Student_2402,3402,86.8,70.2,89.0,72.8,65.0,3.7,73.0,6.0,77.1
Student_2403,3403,79.5,81.4,82.5,73.6,86.7,6.1,100.0,7.6,83.9
Student_2404,3404,82.3,76.1,73.0,69.2,85.4,3.6,62.1,7.6,75.6
Student_2405,3405,100.0,64.8,91.2,83.8,71.2,3.5,54.4,5.5,78.5
Student_2406,3406,98.4,75.1,46.6,85.7,85.1,5.0,53.0,5.6,72.7
Student_2407,3407,72.0,56.6,99.6,72.3,81.7,3.8,66.7,7.8,76.3
Student_2408,3408,93.3,88.8,54.5,95.2,65.2,4.1,54.9,7.0,76.2
Student_2409,3409,93.1,72.5,67.5,76.9,69.5,0.2,95.1,6.7,71.9
Student_2410,3410,73.5,88.4,74.5,95.3,89.4,4.0,73.2,8.0,82.0
Student_2411,3411,93.2,68.7,73.2,73.6,81.1,1.3,84.6,8.1,74.5
Student_2412,3412,100.0,68.7,87.1,59.7,72.4,2.2,65.5,6.2,75.8
Student_2413,3413,73.8,65.8,62.3,84.0,69.4,2.0,52.9,5.7,65.9
Student_2414,3414,75.8,85.5,78.1,82.5,72.8,2.4,50.4,5.1,75.3
Student_2415,3415,95.2,66.5,68.1,80.3,73.6,3.2,56.4,7.1,73.0
Student_2416,3416,87.7,82.7,78.5,73.6,69.5,3.3,75.2,4.9,77.3
Student_2417,3417,90.5,70.4,74.2,79.7,60.6,5.0,77.8,7.1,76.2
Student_2418,3418,88.4,51.3,76.1,74.9,89.4,4.3,79.0,8.8,74.1
Student_2419,3419,88.9,68.2,68.4,77.0,87.7,1.1,47.7,6.5,70.7
Student_2420,3420,71.7,60.9,68.9,88.4,65.3,4.1,70.0,6.2,69.3
Student_2421,3421,95.5,75.4,78.4,81.8,79.4,4.5,54.6,10.0,81.1
Student_2422,3422,96.7,60.7,86.3,86.1,69.0,3.5,76.0,9.3,78.7
Student_2423,3423,82.7,86.1,67.8,77.7,75.4,3.9,77.2,5.9,76.9
Student_2424,3424,84.6,73.9,64.6,76.6,74.6,4.3,52.4,7.2,72.9
Student_2425,3425,69.7,72.9,82.4,68.5,73.7,5.1,84.5,7.5,76.6
Student_2426,3426,90.1,82.9,74.6,76.3,98.0,1.6,100.0,7.3,80.6
Student_2427,3427,90.7,86.6,85.0,46.8,73.6,3.6,82.5,9.7,81.1
Student_2428,3428,84.4,74.8,64.1,74.1,69.9,6.3,67.6,7.1,75.0
Student_2429,3429,96.2,65.7,53.6,79.2,70.4,6.1,65.3,7.4,72.2
Student_2430,3430,81.7,53.7,68.6,85.6,88.4,5.3,66.9,8.0,72.9
Student_2431,3431,90.6,66.8,65.8,77.3,61.5,4.8,58.6,8.8,72.8
Student_2432,3432,74.8,67.6,74.1,83.5,70.4,6.5,73.8,8.4,76.3
Student_2433,3433,84.8,76.3,67.4,58.2,92.5,6.9,52.9,7.8,77.2
Student_2434,3434,83.3,70.9,83.9,79.4,80.4,3.8,41.7,4.7,75.4
Student_2435,3435,87.3,83.3,71.5,63.2,79.9,2.5,73.3,6.3,75.4
Student_2436,3436,81.3,67.6,76.8,67.9,99.3,3.6,70.3,8.2,76.2
Student_2437,3437,83.7,74.3,76.9,78.1,80.5,8.6,61.4,7.4,81.6
Student_2438,3438,93.3,89.2,77.3,92.8,70.9,1.6,50.8,8.2,80.2
Student_2439,3439,80.6,79.1,74.7,83.7,75.2,3.3,74.3,9.8,78.3
Student_2440,3440,68.9,74.3,81.1,80.2,66.6,1.9,55.1,5.2,71.1
Student_2441,3441,100.0,67.8,65.5,79.8,90.6,4.2,67.9,8.7,77.3
Student_2442,3442,98.8,67.4,91.8,72.9,83.7,2.2,96.5,6.5,80.5
Student_2443,3443,72.1,64.8,72.2,74.6,89.2,3.8,79.8,8.4,73.4
Student_2444,3444,91.9,68.5,59.3,84.3,90.1,1.1,49.5,6.9,70.2
Student_2445,3445,80.0,84.1,77.3,66.1,73.9,4.9,50.9,10.0,78.7
Student_2446,3446,87.6,72.3,64.8,85.9,68.6,5.8,72.3,7.2,75.8
Student_2447,3447,87.9,58.8,83.0,76.1,77.5,3.4,49.4,6.0,72.8
Student_2448,3448,82.7,96.2,100.0,88.3,69.3,3.8,40.0,7.6,86.8
Student_2449,3449,77.2,78.8,65.6,89.6,79.6,3.8,78.0,7.5,76.0
Student_2450,3450,78.1,58.1,79.0,63.3,89.3,4.3,74.8,8.7,73.6
Student_2451,3451,75.8,69.7,53.9,74.2,76.3,3.9,76.8,7.7,68.9
Student_2452,3452,76.7,76.3,80.4,71.4,79.5,5.2,73.9,10.0,79.7
Student_2453,3453,84.3,95.5,64.4,61.9,77.1,5.8,69.0,6.8,79.2
Student_2454,3454,77.8,61.7,67.5,69.7,86.0,2.8,60.1,6.9,68.9
Student_2455,3455,91.8,86.7,61.8,100.0,71.3,3.5,77.7,6.1,78.4
Student_2456,3456,99.9,91.8,83.8,86.1,56.0,5.4,92.9,7.1,86.8
Student_2457,3457,79.2,67.5,87.1,99.2,82.7,1.9,62.5,7.3,77.4
Student_2458,3458,87.4,71.7,75.3,88.3,87.9,1.0,54.7,7.4,75.0
Student_2459,3459,90.0,62.6,64.6,72.6,82.5,4.3,53.0,7.1,71.4
Student_2460,3460,89.7,72.6,94.1,76.2,71.6,4.7,57.0,6.1,80.5
Student_2461,3461,85.8,74.6,66.0,85.9,66.6,2.9,73.0,5.7,72.6
Student_2462,3462,92.4,82.9,49.1,84.4,82.9,3.1,37.9,6.4,71.8
Student_2463,3463,89.8,88.1,80.5,74.2,79.4,2.9,76.6,8.7,82.0
Student_2464,3464,72.6,66.0,61.7,64.9,76.7,2.7,79.7,9.0,68.1
Student_2465,3465,93.7,51.4,86.9,100.0,96.2,5.0,43.0,6.9,78.9
Student_2466,3466,93.9,74.7,70.4,78.6,68.5,2.2,55.3,5.6,72.8
Student_2467,3467,77.4,78.5,82.2,76.7,95.8,3.6,71.2,6.9,79.7
Student_2468,3468,85.4,78.0,91.8,81.1,78.3,2.6,67.8,10.0,82.1
Student_2469,3469,91.8,71.1,60.5,77.6,59.6,1.8,77.8,8.5,70.3
Student_2470,3470,82.9,76.5,68.2,81.2,76.2,5.3,67.9,7.8,77.0
Student_2471,3471,95.7,93.2,74.1,92.9,87.6,3.2,89.0,8.4,86.1
Student_2472,3472,100.0,79.6,93.5,78.8,74.3,4.3,65.2,9.3,85.8
Student_2473,3473,77.1,70.5,67.1,68.4,63.3,1.7,55.3,5.3,66.2
Student_2474,3474,71.2,69.0,67.9,78.4,76.4,2.9,54.0,6.4,69.2
Student_2475,3475,88.0,73.0,80.7,75.4,69.4,5.1,81.0,6.2,78.4
Student_2476,3476,92.2,94.6,68.1,94.2,82.9,7.9,70.4,7.9,87.5
Student_2477,3477,82.7,72.8,76.8,91.7,85.7,1.0,79.5,7.2,76.2
Student_2478,3478,99.5,74.8,56.4,81.1,67.4,3.7,79.2,8.1,74.3
Student_2479,3479,71.6,69.2,100.0,67.2,70.9,4.6,39.7,6.2,76.6
Student_2480,3480,91.9,88.2,58.8,67.7,85.6,3.1,52.9,9.1,76.2
Student_2481,3481,78.9,98.5,71.1,80.2,69.4,5.3,54.7,6.9,80.7
Student_2482,3482,100.0,80.4,74.6,83.4,67.2,2.7,57.8,8.0,78.3
Student_2483,3483,100.0,76.0,98.0,76.3,66.2,4.2,63.7,8.8,84.5
Student_2484,3484,77.3,75.4,59.1,75.2,81.5,3.2,85.0,8.7,72.7
Student_2485,3485,79.5,46.4,98.8,74.1,81.1,5.8,88.0,7.5,77.7
Student_2486,3486,93.6,83.9,84.1,79.8,71.2,3.0,65.6,8.2,81.5
Student_2487,3487,81.1,76.6,80.0,56.2,78.1,3.5,66.2,9.6,76.2
Student_2488,3488,84.5,80.1,63.2,69.0,93.3,5.4,59.4,7.8,77.0
Student_2489,3489,85.3,66.5,81.9,73.7,68.3,2.5,71.3,5.9,73.1
Student_2490,3490,65.8,70.4,66.3,92.1,58.5,4.1,73.0,7.9,70.8
Student_2491,3491,84.9,70.1,90.2,71.9,82.6,1.3,82.1,6.9,77.1
Student_2492,3492,78.1,87.3,63.3,81.8,76.9,2.4,82.0,4.0,73.7
Student_2493,3493,80.1,70.5,73.6,82.3,70.9,4.6,35.5,7.7,73.7
Student_2494,3494,99.4,100.0,68.3,93.0,84.5,2.5,67.7,7.2,84.3
Student_2495,3495,72.4,80.2,63.1,92.6,86.4,3.2,90.8,8.7,76.7
Student_2496,3496,93.1,59.7,83.9,79.4,55.9,4.7,63.4,5.9,74.3
Student_2497,3497,82.2,73.5,81.4,75.2,71.5,3.1,87.1,4.7,75.6
Student_2498,3498,82.2,67.2,89.5,73.4,100.0,5.2,65.4,7.3,80.9
Student_2499,3499,92.9,48.7,53.6,77.6,83.8,4.3,72.6,7.6,67.3
Student_2500,3500,88.4,94.2,87.8,75.7,84.8,4.7,52.9,7.1,85.8
Student_2501,3501,90.7,83.4,100.0,85.5,89.7,5.9,53.5,7.0,88.9
Student_2502,3502,94.7,81.4,69.6,84.2,78.2,4.5,80.9,5.4,79.4
Student_2503,3503,81.7,77.0,97.7,85.9,86.0,6.3,83.2,6.8,86.9
Student_2504,3504,78.9,58.4,71.8,92.6,85.2,5.4,70.4,6.5,74.3
Student_2505,3505,74.1,69.2,58.5,98.6,83.4,3.2,51.6,8.6,71.4
Student_2506,3506,76.7,85.1,71.3,81.2,74.8,5.9,70.7,7.6,79.5
Student_2507,3507,100.0,62.4,87.6,91.0,79.7,4.4,88.9,6.6,81.8
Student_2508,3508,97.4,44.6,64.9,76.5,72.1,3.4,96.1,9.6,69.9
Student_2509,3509,71.5,72.3,67.8,91.9,78.1,4.4,65.2,6.6,73.7
Student_2510,3510,71.8,73.3,82.1,90.6,66.3,5.7,45.1,7.8,77.3
Student_2511,3511,89.8,76.6,75.0,90.1,70.1,4.7,82.6,6.7,79.6
Student_2512,3512,90.5,83.7,82.0,80.9,75.2,6.7,65.9,9.4,85.4
Student_2513,3513,90.5,82.7,77.9,73.3,68.6,5.6,84.1,7.1,81.2
Student_2514,3514,82.5,78.1,80.8,66.1,72.9,4.8,74.2,7.2,78.2
Student_2515,3515,83.7,89.3,69.8,79.6,76.4,2.5,56.7,6.8,76.7
Student_2516,3516,88.3,56.8,77.8,95.3,82.0,3.7,70.9,7.3,75.6
Student_2517,3517,85.9,81.1,63.9,76.9,87.5,4.1,89.6,8.8,78.6
Student_2518,3518,62.8,82.5,90.5,87.9,73.4,5.0,67.8,8.3,81.3
Student_2519,3519,82.7,60.1,67.4,88.4,91.4,5.0,54.5,7.0,73.5
Student_2520,3520,76.5,57.0,88.5,77.2,87.4,4.3,46.2,9.6,75.6
Student_2521,3521,86.8,66.0,72.2,93.2,83.0,4.2,58.4,8.3,76.4
Student_2522,3522,100.0,67.1,77.4,50.9,79.5,5.1,63.8,6.3,75.6
Student_2523,3523,88.7,84.0,69.1,67.8,81.2,2.7,82.3,4.9,75.9
Student_2524,3524,81.9,67.6,62.8,70.8,89.9,6.5,53.2,6.4,73.3
Student_2525,3525,94.2,64.7,54.1,71.8,90.2,0.9,93.3,7.6,69.4
Student_2526,3526,89.8,67.7,62.3,83.4,91.3,6.2,49.9,7.9,76.1
Student_2527,3527,89.2,88.4,71.1,82.9,78.4,3.9,100.0,9.0,82.7
Student_2528,3528,91.1,75.2,77.5,83.9,83.5,5.5,95.9,5.4,81.6
Student_2529,3529,100.0,72.8,87.1,86.0,91.4,4.5,72.1,6.3,84.0
Student_2530,3530,73.7,73.7,69.7,70.5,71.8,4.5,45.3,5.2,70.5
Student_2531,3531,89.7,90.5,64.4,67.8,74.8,4.8,69.2,5.0,77.1
Student_2532,3532,75.7,66.0,57.7,84.0,78.2,5.2,64.2,6.1,69.9
Student_2533,3533,90.6,90.8,80.8,73.7,87.0,3.5,50.9,7.5,82.4
Student_2534,3534,75.8,77.5,91.6,64.3,87.2,5.6,74.4,8.2,82.2
Student_2535,3535,80.8,73.1,90.2,89.7,75.7,2.4,57.6,5.6,77.5
Student_2536,3536,82.0,100.0,83.5,94.0,62.9,4.0,59.3,5.8,83.7
Student_2537,3537,94.8,62.3,82.7,95.6,80.5,5.3,66.9,4.3,78.9
Student_2538,3538,94.2,70.8,95.4,81.9,68.8,5.5,61.4,7.3,83.0
Student_2539,3539,72.5,60.2,79.0,86.3,63.1,4.7,100.0,5.9,73.2
Student_2540,3540,85.5,86.4,82.8,93.7,65.4,3.4,62.0,9.5,82.3
Student_2541,3541,77.9,95.3,71.2,73.6,81.3,5.3,76.6,7.6,81.7
Student_2542,3542,72.4,95.0,58.7,91.1,91.6,3.0,72.2,6.7,77.5
Student_2543,3543,82.8,89.7,66.8,82.8,78.4,6.6,75.3,6.0,81.1
Student_2544,3544,81.9,72.6,74.9,89.1,80.1,3.9,76.4,4.8,76.2
Student_2545,3545,100.0,70.6,75.7,81.9,89.8,1.7,83.2,4.9,77.0
Student_2546,3546,89.3,54.9,98.1,93.0,62.6,2.2,74.0,6.1,76.1
Student_2547,3547,71.2,99.4,76.0,82.2,83.2,4.1,73.4,6.0,81.8
Student_2548,3548,79.4,80.6,89.1,65.2,77.9,4.2,70.9,5.5,79.2
Student_2549,3549,95.2,69.1,69.8,94.5,83.7,7.0,67.9,7.6,80.9
Student_2550,3550,100.0,90.9,71.3,70.5,73.2,2.4,56.3,7.8,79.0
Student_2551,3551,69.1,63.3,59.1,92.5,69.8,4.1,69.1,6.3,67.9
Student_2552,3552,66.2,79.9,66.1,79.1,79.4,2.4,73.6,9.9,73.3
Student_2553,3553,100.0,72.9,81.3,91.8,94.5,3.3,76.0,4.4,81.4
Student_2554,3554,88.9,82.7,75.1,91.3,86.6,6.5,72.7,7.1,84.3
Student_2555,3555,76.3,74.2,86.3,84.3,72.9,2.3,66.5,6.7,76.2
Student_2556,3556,90.3,57.6,77.2,85.1,64.6,4.9,69.1,6.2,73.7
Student_2557,3557,58.6,75.9,70.8,84.2,61.2,4.6,61.7,6.0,70.7
Student_2558,3558,85.0,87.6,100.0,59.9,91.2,4.0,74.7,7.0,86.0
Student_2559,3559,88.3,74.6,73.9,81.2,68.4,4.8,66.7,6.7,76.9
Student_2560,3560,94.2,84.3,89.0,68.8,74.7,2.3,72.7,6.4,80.9
Student_2561,3561,74.9,62.5,70.2,81.7,91.2,6.5,85.0,5.1,75.0
Student_2562,3562,85.9,74.7,83.5,68.6,61.9,6.9,59.4,4.6,77.7
Student_2563,3563,75.7,67.5,86.1,68.2,92.9,4.1,79.0,6.6,77.3
Student_2564,3564,87.6,84.0,77.5,96.0,75.5,7.6,70.5,6.4,84.9
Student_2565,3565,76.0,75.4,46.7,90.7,66.5,3.4,100.0,6.7,69.4
Student_2566,3566,80.9,83.3,75.2,80.0,75.5,4.6,66.8,6.8,78.7
Student_2567,3567,75.0,88.1,89.8,81.8,70.8,6.1,80.4,6.2,84.2
Student_2568,3568,91.5,83.3,81.3,77.5,82.4,3.3,70.2,6.7,81.0
Student_2569,3569,93.6,78.3,80.4,85.7,71.5,1.9,49.2,5.7,76.7
Student_2570,3570,82.7,63.0,54.3,73.2,58.9,1.6,62.2,9.3,64.3
Student_2571,3571,85.4,75.0,66.4,89.9,75.8,7.1,83.2,5.8,78.9
Student_2572,3572,70.5,68.6,79.9,77.5,64.4,3.2,63.5,6.4,71.6
Student_2573,3573,82.0,70.9,79.9,75.8,80.0,3.7,36.7,5.9,74.1
Student_2574,3574,84.5,70.5,89.6,80.2,66.1,2.3,69.5,5.9,76.1
Student_2575,3575,100.0,63.2,73.3,74.1,73.1,5.4,53.6,7.0,75.4
Student_2576,3576,73.9,51.5,79.9,83.3,79.8,2.8,72.0,6.8,70.1
Student_2577,3577,99.6,67.0,75.2,74.6,75.9,3.3,93.3,6.3,76.6
Student_2578,3578,95.0,77.3,63.2,84.7,80.5,4.4,81.5,6.6,77.7
Student_2579,3579,87.8,58.8,47.9,92.2,84.8,2.4,93.0,5.9,67.6
Student_2580,3580,100.0,75.2,80.2,72.8,66.4,3.7,61.6,7.6,78.3
Student_2581,3581,88.7,97.8,77.1,78.7,77.4,6.1,67.9,10.0,87.2
Student_2582,3582,88.9,87.3,67.6,84.6,44.7,4.6,54.3,5.7,75.2
Student_2583,3583,84.5,94.7,55.6,75.6,80.5,4.2,59.7,7.6,76.9
Student_2584,3584,97.2,79.7,82.6,84.6,75.0,4.3,56.1,7.1,81.7
Student_2585,3585,96.0,89.0,71.8,85.6,68.2,3.4,50.4,8.0,79.9
Student_2586,3586,78.7,66.3,81.7,90.8,81.2,7.0,90.5,8.0,81.5
Student_2587,3587,71.8,67.3,97.4,73.9,89.7,2.8,38.6,7.3,76.7
Student_2588,3588,83.0,42.1,49.3,70.6,73.2,4.3,90.6,6.9,61.9
Student_2589,3589,77.0,89.2,66.6,76.9,68.6,4.2,88.7,6.3,76.9
Student_2590,3590,84.4,93.5,72.5,70.3,79.7,5.5,77.5,5.9,81.5
Student_2591,3591,97.4,68.4,92.5,85.6,64.6,5.7,53.3,6.9,81.6
Student_2592,3592,80.4,72.0,55.4,68.4,71.4,4.0,46.3,5.1,66.7
Student_2593,3593,84.6,66.0,98.2,100.0,90.2,4.4,61.8,6.1,83.2
Student_2594,3594,85.6,79.6,76.6,93.0,78.6,4.5,79.4,8.7,81.8
Student_2595,3595,93.5,88.5,73.8,80.1,59.2,0.6,70.0,7.1,76.2
Student_2596,3596,62.5,54.1,72.6,88.7,60.0,1.6,54.3,8.3,64.4
Student_2597,3597,78.9,79.9,69.8,63.6,79.6,3.1,87.2,9.2,75.6
Student_2598,3598,87.1,71.7,87.6,100.0,86.6,3.2,95.3,6.7,82.8
Student_2599,3599,97.0,76.4,62.2,74.1,61.8,2.2,66.6,7.3,72.0
Student_2600,3600,80.1,80.5,79.1,78.8,82.5,5.1,71.6,6.5,80.0
Student_2601,3601,66.2,72.7,70.4,61.4,91.3,4.0,47.4,5.8,70.2
Student_2602,3602,91.2,73.8,65.9,84.9,96.9,3.7,63.8,5.6,76.5
Student_2603,3603,78.6,72.4,100.0,68.9,81.3,2.1,77.7,8.3,80.0
Student_2604,3604,73.1,86.6,80.0,81.0,83.1,3.9,75.3,7.3,80.4
Student_2605,3605,78.8,80.0,82.4,74.6,56.7,0.1,62.4,9.8,73.7
Student_2606,3606,83.2,77.6,88.7,69.2,99.0,3.8,65.9,8.5,82.2
Student_2607,3607,79.0,59.7,57.9,72.0,72.2,4.1,63.3,5.9,65.9
Student_2608,3608,62.9,70.5,96.0,82.3,68.7,4.4,65.8,8.3,78.0
Student_2609,3609,94.0,85.8,44.9,67.2,75.4,1.7,76.3,6.5,69.8
Student_2610,3610,97.7,75.5,65.8,72.5,93.1,4.3,40.5,8.8,77.3
Student_2611,3611,91.5,82.9,69.5,86.6,100.0,2.4,68.9,6.3,79.5
Student_2612,3612,73.6,96.2,82.0,100.0,79.3,2.8,75.2,5.4,82.8
Student_2613,3613,83.0,87.5,77.6,84.8,88.0,5.1,61.4,5.8,82.1
Student_2614,3614,84.9,76.1,73.0,70.8,78.4,7.0,62.8,5.9,78.1
Student_2615,3615,91.0,68.9,74.9,76.3,67.6,4.1,63.2,5.7,74.1
Student_2616,3616,91.7,44.4,63.3,80.3,92.8,2.8,62.8,6.1,66.9
Student_2617,3617,77.7,73.0,57.0,76.5,71.8,4.3,70.1,8.3,70.9
Student_2618,3618,85.8,71.1,83.7,89.0,93.4,5.4,71.9,9.7,83.7
Student_2619,3619,89.6,79.7,83.3,82.2,91.0,4.9,38.5,5.0,80.8
Student_2620,3620,99.6,73.2,94.0,89.1,84.1,8.1,79.8,8.9,90.6
Student_2621,3621,92.0,71.2,65.5,76.9,96.3,2.9,65.7,6.3,74.7
Student_2622,3622,92.9,53.6,83.3,93.3,100.0,4.4,99.0,7.5,80.6
Student_2623,3623,85.8,63.7,71.6,78.3,76.2,6.3,52.1,4.5,73.3
Student_2624,3624,99.1,80.7,89.3,70.3,69.9,6.2,57.0,7.8,84.3
Student_2625,3625,89.1,95.6,87.3,100.0,59.4,1.1,67.0,4.0,81.5
Student_2626,3626,76.4,73.8,77.5,61.8,100.0,4.0,76.2,7.5,77.1
Student_2627,3627,99.0,78.9,70.9,72.6,73.6,6.2,40.7,7.4,78.8
Student_2628,3628,92.0,86.4,86.5,73.7,89.4,8.3,57.6,7.3,88.1
Student_2629,3629,80.6,65.3,82.8,100.0,70.6,5.1,78.9,5.9,78.3
Student_2630,3630,80.2,79.4,66.8,98.1,93.4,3.4,55.8,7.8,77.8
Student_2631,3631,88.0,66.1,59.1,94.9,71.0,2.5,90.6,7.6,71.9
Student_2632,3632,89.6,85.4,71.5,76.7,66.1,7.3,63.2,6.7,80.8
Student_2633,3633,87.0,76.8,93.2,100.0,75.9,5.1,56.5,8.0,85.1
Student_2634,3634,88.1,78.6,88.8,83.7,72.7,2.7,79.2,6.9,80.8
Student_2635,3635,100.0,65.6,61.7,89.8,84.0,3.7,94.1,7.8,76.5
Student_2636,3636,95.7,83.5,61.0,81.8,77.5,4.5,76.2,6.8,78.1
Student_2637,3637,86.9,100.0,90.3,79.5,84.3,4.8,88.9,7.3,90.0
Student_2638,3638,94.4,62.9,61.4,77.5,75.1,2.7,95.1,7.9,71.9
Student_2639,3639,74.7,70.9,81.1,77.9,71.3,3.1,56.2,6.4,73.2
Student_2640,3640,89.0,77.8,67.6,86.1,72.2,1.5,84.1,5.1,73.8
Student_2641,3641,100.0,84.4,94.4,83.7,98.4,5.6,47.1,7.4,89.6
Student_2642,3642,82.8,68.3,65.8,79.7,80.3,3.5,76.4,8.8,73.7
Student_2643,3643,76.5,41.0,88.7,95.1,58.2,4.7,68.9,7.4,71.2
Student_2644,3644,78.5,91.3,77.2,50.3,72.8,6.1,88.6,7.5,80.5
Student_2645,3645,74.1,84.1,78.0,85.1,79.0,4.3,87.6,6.9,80.2
Student_2646,3646,77.2,54.1,51.4,87.2,96.5,3.8,78.5,8.1,68.1
Student_2647,3647,81.3,67.7,48.6,91.5,88.3,4.3,74.5,6.7,70.6
Student_2648,3648,70.9,93.8,72.4,79.4,68.8,4.1,77.6,6.3,78.2
Student_2649,3649,85.2,92.4,78.0,82.1,100.0,5.9,70.9,8.7,87.3
Student_2650,3650,94.0,86.3,61.5,89.9,77.7,4.5,69.1,6.2,78.9
Student_2651,3651,75.9,72.9,61.9,94.9,90.5,3.2,91.6,8.3,75.5
Student_2652,3652,100.0,76.0,81.7,77.0,66.4,5.6,93.4,8.7,83.4
Student_2653,3653,90.1,73.4,81.8,82.7,54.0,5.8,67.9,7.9,79.1
Student_2654,3654,95.3,88.5,73.3,96.8,63.9,2.0,73.6,5.1,79.1
Student_2655,3655,78.4,64.5,84.4,58.8,45.5,6.3,71.2,7.0,72.7
Student_2656,3656,93.5,65.3,60.9,73.1,99.1,4.5,45.8,6.7,72.8
Student_2657,3657,74.1,87.1,70.7,94.7,80.1,4.4,65.0,6.3,78.9
Student_2658,3658,93.9,74.5,94.8,90.9,68.8,5.5,94.0,7.2,86.2
Student_2659,3659,86.7,91.5,75.8,85.2,82.5,3.1,58.8,8.2,81.7
Student_2660,3660,90.5,66.9,76.5,75.5,79.9,5.4,100.0,6.3,78.5
Student_2661,3661,73.2,74.3,100.0,71.2,84.2,3.4,87.6,6.7,81.3
Student_2662,3662,76.0,63.9,58.2,74.1,90.1,1.8,76.0,6.6,67.2
Student_2663,3663,91.0,75.1,84.6,95.5,75.1,2.5,78.4,8.7,81.4
Student_2664,3664,75.5,57.3,95.0,73.7,69.2,4.9,56.2,6.6,74.7
Student_2665,3665,89.6,69.1,71.1,81.0,86.3,2.6,66.0,5.1,73.6
Student_2666,3666,71.3,57.8,85.3,72.5,86.0,6.4,91.6,4.6,75.6
Student_2667,3667,93.5,83.3,63.2,88.4,79.0,5.8,60.8,7.5,79.9
Student_2668,3668,72.7,83.6,66.8,74.6,99.8,6.0,85.9,5.9,79.2
Student_2669,3669,90.5,54.2,79.6,79.0,73.6,4.2,49.3,8.0,73.0
Student_2670,3670,91.3,91.0,84.6,63.2,69.0,4.4,52.0,5.0,80.4
Student_2671,3671,78.0,100.0,88.5,63.9,82.2,2.2,98.5,6.2,83.6
Student_2672,3672,90.8,75.6,93.8,80.1,71.3,5.5,69.8,5.0,82.6
Student_2673,3673,87.6,67.3,74.2,66.7,83.0,4.6,61.9,7.7,75.1
Student_2674,3674,79.6,100.0,89.3,100.0,69.7,4.9,90.4,8.0,89.7
Student_2675,3675,74.9,59.2,70.9,59.4,74.0,6.5,88.7,7.5,71.8
Student_2676,3676,65.4,75.2,85.8,72.0,96.9,3.1,83.8,5.4,76.9
Student_2677,3677,88.5,77.2,77.5,80.2,73.9,3.8,61.5,5.9,77.3
Student_2678,3678,69.4,91.1,80.3,76.3,70.0,4.5,65.7,7.4,79.4
Student_2679,3679,86.0,79.3,80.1,69.0,89.7,2.6,74.7,4.5,77.2
Student_2680,3680,82.4,69.0,55.7,70.4,67.5,3.7,80.4,6.6,68.4
Student_2681,3681,91.8,63.6,61.5,70.1,71.1,4.7,62.4,9.3,71.6
Student_2682,3682,82.0,70.9,76.2,77.1,83.8,3.5,72.6,6.7,75.6
Student_2683,3683,81.7,62.9,54.8,99.5,87.4,6.0,74.0,4.8,72.5
Student_2684,3684,92.3,75.6,85.0,80.8,90.2,1.7,89.3,6.1,80.3
Student_2685,3685,88.4,68.2,85.5,91.8,70.5,5.7,81.3,6.1,80.6
Student_2686,3686,88.2,57.1,78.9,85.1,84.0,5.0,47.4,10.0,76.5
Student_2687,3687,89.7,90.1,61.5,91.1,73.3,3.1,66.8,9.5,79.0
Student_2688,3688,69.6,69.0,91.6,52.0,71.9,2.6,56.1,8.1,72.4
Student_2689,3689,92.6,59.8,99.4,77.0,90.0,0.9,78.5,6.5,78.5
Student_2690,3690,91.1,73.0,76.8,93.1,72.5,2.8,83.8,8.8,79.0
Student_2691,3691,74.8,75.8,81.1,74.3,80.8,5.6,71.5,5.3,77.8
Student_2692,3692,82.6,54.0,77.4,97.6,79.6,3.9,66.0,8.6,74.4
Student_2693,3693,84.6,79.0,81.4,94.8,67.3,5.7,71.0,8.4,82.5
Student_2694,3694,83.7,62.4,73.6,75.3,87.7,3.1,73.1,6.8,72.9
Student_2695,3695,88.3,95.5,74.6,75.0,83.6,5.1,60.4,8.7,84.0
Student_2696,3696,99.3,81.3,85.9,69.9,58.1,2.9,51.7,6.3,78.2
Student_2697,3697,95.8,70.2,100.0,73.7,80.8,2.6,39.2,5.1,79.4
Student_2698,3698,71.9,66.1,58.2,67.7,70.3,3.8,89.0,8.5,68.2
Student_2699,3699,91.2,73.7,73.8,84.3,89.0,3.0,77.4,6.9,78.2
Student_2700,3700,98.3,82.4,60.8,65.4,63.5,1.7,75.4,7.9,72.9
Student_2701,3701,88.9,74.7,94.1,86.0,74.4,3.7,89.0,9.7,84.6
Student_2702,3702,95.9,72.4,67.9,86.3,81.6,4.2,51.2,5.9,76.0
Student_2703,3703,100.0,75.7,57.7,63.4,78.5,5.9,44.0,6.8,74.0
Student_2704,3704,95.2,67.8,82.7,95.5,85.6,5.4,75.8,9.4,84.0
Student_2705,3705,87.5,70.9,95.9,85.1,62.8,5.8,74.4,8.0,83.1
Student_2706,3706,95.5,50.0,83.0,87.5,94.5,5.1,44.0,6.0,76.0
Student_2707,3707,86.4,86.7,77.5,72.4,83.3,4.5,75.4,5.6,80.7
Student_2708,3708,85.2,78.6,79.9,86.2,91.6,2.2,64.0,6.2,78.6
Student_2709,3709,81.5,65.7,92.0,91.3,86.7,4.2,57.9,5.9,79.6
Student_2710,3710,100.0,97.8,64.5,79.0,77.9,4.9,65.0,7.4,83.2
Student_2711,3711,76.8,76.0,73.7,100.0,65.2,6.2,33.4,7.1,76.9
Student_2712,3712,100.0,62.6,69.6,80.4,72.4,5.0,61.1,7.4,75.1
Student_2713,3713,90.0,85.3,61.0,91.4,93.9,5.9,59.4,5.7,80.3
Student_2714,3714,71.0,79.8,71.1,82.9,91.9,2.5,78.4,6.9,75.7
Student_2715,3715,88.7,79.7,88.3,85.9,71.8,3.5,67.6,4.0,79.9
Student_2716,3716,64.0,69.9,81.8,63.3,49.8,4.6,79.6,7.2,71.1
Student_2717,3717,91.3,80.4,82.7,83.7,75.9,5.7,31.8,8.8,82.1
Student_2718,3718,93.9,71.9,76.8,72.7,75.1,3.8,57.4,4.9,75.2
Student_2719,3719,79.1,81.7,81.3,71.5,75.5,3.9,78.3,7.7,79.0
Student_2720,3720,86.2,52.1,65.4,97.4,83.3,5.0,65.4,6.1,71.6
Student_2721,3721,100.0,69.8,71.3,77.9,86.8,2.3,82.7,8.2,77.2
Student_2722,3722,79.9,95.7,77.3,70.0,87.9,6.4,42.9,7.2,83.2
Student_2723,3723,74.4,65.8,78.3,76.4,82.5,2.7,81.0,7.6,73.6
Student_2724,3724,99.8,67.8,78.8,67.0,60.0,1.1,60.4,7.1,72.0
Student_2725,3725,100.0,69.6,73.3,94.3,74.6,4.0,59.0,9.0,79.1
Student_2726,3726,85.0,60.4,70.5,73.0,100.0,6.5,84.9,7.5,77.3
Student_2727,3727,95.1,48.5,100.0,85.3,81.7,4.9,87.4,5.9,80.3
Student_2728,3728,98.4,72.2,85.9,93.6,81.7,5.1,85.5,7.1,84.8
Student_2729,3729,77.6,76.6,80.0,75.0,81.6,4.1,100.0,6.4,78.7
Student_2730,3730,80.1,74.4,72.2,85.3,82.2,3.8,89.0,7.2,77.2
Student_2731,3731,97.3,73.3,69.6,69.7,54.2,1.7,58.1,6.4,70.5
Student_2732,3732,100.0,75.5,73.4,100.0,75.6,0.6,72.1,6.0,77.0
Student_2733,3733,90.6,87.3,78.5,89.4,77.6,4.3,64.6,7.3,83.0
Student_2734,3734,76.2,72.7,52.4,78.1,90.8,6.0,100.0,7.1,74.1
Student_2735,3735,100.0,68.1,56.2,72.3,78.5,4.5,86.6,8.6,74.3
Student_2736,3736,79.7,71.6,67.4,78.9,61.5,4.9,67.2,6.4,72.2
Student_2737,3737,81.6,82.0,77.5,76.6,82.3,6.4,83.2,4.0,80.5
Student_2738,3738,88.4,91.9,72.1,99.5,70.0,4.5,51.5,6.5,81.6
Student_2739,3739,100.0,67.5,92.7,67.7,65.8,3.8,73.8,4.6,78.2
Student_2740,3740,93.5,76.2,57.2,81.3,69.7,2.8,55.9,7.6,71.8
Student_2741,3741,89.1,79.1,66.0,79.8,83.4,7.0,44.7,4.5,77.5
Student_2742,3742,89.6,63.1,93.2,78.8,90.6,4.8,81.8,5.5,81.0
Student_2743,3743,85.4,75.2,76.6,78.9,82.8,2.6,83.6,6.5,77.0
Student_2744,3744,90.6,57.4,85.6,78.8,84.3,2.2,76.9,9.3,76.3
Student_2745,3745,59.7,53.8,99.6,88.7,82.7,5.9,67.3,5.4,76.4
Student_2746,3746,82.0,79.4,66.7,86.1,79.0,2.4,51.0,7.0,73.7
Student_2747,3747,87.4,70.4,73.8,84.2,85.0,6.8,52.6,7.9,79.4
Student_2748,3748,73.5,77.4,71.7,49.7,53.8,0.0,55.5,9.2,66.0
Student_2749,3749,88.9,74.8,51.5,83.0,79.1,6.1,66.5,8.2,74.6
Student_2750,3750,83.0,63.3,71.3,63.4,67.6,4.7,86.1,8.6,72.5
Student_2751,3751,100.0,74.5,85.6,86.5,89.6,4.2,85.9,8.3,85.3
Student_2752,3752,100.0,60.2,81.5,94.7,76.5,3.7,45.3,5.2,76.2
Student_2753,3753,80.3,91.7,82.4,70.7,78.3,6.8,59.6,7.5,84.0
Student_2754,3754,83.5,58.7,70.5,77.4,62.9,5.1,59.2,8.3,71.0
Student_2755,3755,84.3,72.7,67.1,74.0,88.2,2.6,32.0,5.6,70.9
Student_2756,3756,80.5,62.5,90.2,92.4,84.3,1.4,78.5,6.1,76.2
Student_2757,3757,87.0,81.8,69.0,81.0,83.6,4.3,66.3,5.8,77.7
Student_2758,3758,77.4,71.0,78.5,97.3,69.9,4.0,68.3,8.2,77.2
Student_2759,3759,73.7,68.8,77.0,84.1,70.3,1.7,90.2,6.9,72.7
Student_2760,3760,91.2,85.2,92.5,82.4,80.2,3.9,71.3,6.5,85.1
Student_2761,3761,91.3,75.4,86.7,80.7,71.1,3.1,63.5,5.1,78.2
Student_2762,3762,77.0,81.2,59.5,88.2,82.3,4.0,78.6,6.9,75.1
Student_2763,3763,94.0,63.2,60.7,62.6,56.4,5.1,85.9,6.1,69.5
Student_2764,3764,78.7,58.1,81.9,80.9,73.1,6.2,74.4,7.4,75.8
Student_2765,3765,87.5,76.3,74.2,79.3,96.0,5.4,80.3,5.3,80.4
Student_2766,3766,93.2,71.2,69.5,87.3,82.4,2.9,67.8,7.3,76.0
Student_2767,3767,84.7,82.5,87.2,78.1,79.7,4.6,68.8,6.3,82.1
Student_2768,3768,89.5,74.0,77.2,69.6,97.9,4.1,71.7,5.1,78.2
Student_2769,3769,79.8,77.5,75.6,80.1,54.6,2.0,58.7,5.0,71.1
Student_2770,3770,83.0,55.5,84.4,69.2,69.8,4.6,61.5,5.2,71.7
Student_2771,3771,82.9,97.7,70.5,60.7,74.0,6.8,90.7,6.7,82.7
Student_2772,3772,77.5,73.0,93.8,87.3,86.6,4.0,100.0,7.2,83.4
Student_2773,3773,83.2,83.4,65.5,85.8,86.8,1.6,93.9,7.4,76.9
Student_2774,3774,69.5,65.0,82.9,84.7,69.3,4.0,50.2,7.5,73.1
Student_2775,3775,80.1,78.7,92.2,93.0,88.0,2.2,48.7,5.9,80.4
Student_2776,3776,82.2,59.4,58.5,73.3,74.0,5.3,52.1,8.6,68.7
Student_2777,3777,82.4,80.4,70.9,65.7,90.1,4.8,72.0,6.3,77.3
Student_2778,3778,82.6,70.7,88.7,79.3,67.7,3.7,27.9,7.7,75.9
Student_2779,3779,84.4,75.4,88.9,76.5,76.8,3.5,61.2,6.8,79.1
Student_2780,3780,89.8,83.4,72.9,71.6,73.1,3.7,91.1,7.6,79.0
Student_2781,3781,93.7,60.2,66.2,79.2,88.6,4.0,84.7,6.7,74.1
Student_2782,3782,78.5,66.8,86.5,73.9,72.8,2.8,62.4,7.6,74.5
Student_2783,3783,73.0,80.5,89.2,61.6,77.6,1.9,63.5,7.0,75.9
Student_2784,3784,74.6,100.0,61.0,75.6,83.1,5.7,78.5,8.2,81.1
Student_2785,3785,80.1,73.3,60.6,68.6,83.5,3.4,84.0,5.8,71.2
Student_2786,3786,81.5,82.1,77.7,82.3,86.9,4.3,62.0,4.3,78.6
Student_2787,3787,77.3,73.7,82.6,73.4,80.1,4.4,66.5,5.5,76.5
Student_2788,3788,72.0,98.3,71.4,91.1,73.8,4.5,61.5,8.6,81.6
Student_2789,3789,80.4,54.0,83.2,96.0,74.5,2.2,50.0,6.8,71.5
Student_2790,3790,86.8,76.1,66.5,86.8,78.3,1.5,66.7,7.1,73.6
Student_2791,3791,91.0,55.5,49.6,64.5,80.5,3.1,65.6,5.4,63.6
Student_2792,3792,79.4,44.9,69.9,95.1,76.5,4.6,51.1,7.1,68.5
Student_2793,3793,80.9,78.6,75.8,95.8,78.2,2.9,79.7,5.5,77.9
Student_2794,3794,75.7,76.7,71.7,80.2,62.8,3.5,77.2,5.7,73.0
Student_2795,3795,84.7,71.6,61.1,93.2,84.7,7.2,80.4,6.4,78.1
Student_2796,3796,76.5,73.7,53.2,74.5,79.8,1.2,58.5,7.7,66.6
Student_2797,3797,90.7,100.0,68.8,61.3,88.0,2.9,40.2,7.8,79.5
Student_2798,3798,67.1,71.9,85.8,72.4,78.0,6.8,77.0,7.9,79.2
Student_2799,3799,81.4,81.1,90.1,97.3,60.6,3.9,60.0,4.6,79.9
Student_2800,3800,88.0,67.2,89.3,65.1,74.4,2.9,56.6,7.0,75.5
Student_2801,3801,86.8,78.5,65.2,80.0,76.0,5.8,51.1,6.7,76.2
Student_2802,3802,100.0,72.1,61.2,80.3,85.4,4.1,65.9,4.7,74.6
Student_2803,3803,88.5,70.1,81.0,74.9,57.3,3.5,93.7,7.0,76.0
Student_2804,3804,75.0,96.8,82.6,75.6,78.4,4.3,62.4,6.6,82.2
Student_2805,3805,84.0,89.1,79.8,80.7,83.1,3.0,53.7,7.8,80.8
Student_2806,3806,67.2,76.6,50.8,74.4,71.4,2.5,79.8,7.1,66.5
Student_2807,3807,84.2,47.3,64.6,65.8,78.7,3.8,72.6,6.2,65.6
Student_2808,3808,76.7,70.7,74.6,82.2,71.7,2.5,38.2,8.4,71.8
Student_2809,3809,94.2,100.0,80.8,90.7,70.7,4.0,79.9,4.0,85.4
Student_2810,3810,79.5,72.2,84.2,88.7,73.9,4.5,100.0,6.9,80.2
Student_2811,3811,83.8,88.2,76.7,71.9,70.9,5.3,31.0,4.4,77.0
Student_2812,3812,78.6,92.3,79.0,67.5,84.8,5.7,51.5,5.6,80.8
Student_2813,3813,100.0,77.6,76.0,77.2,70.7,3.4,27.3,7.8,76.8
Student_2814,3814,81.8,64.9,83.2,95.7,69.0,4.7,68.9,5.1,76.4
Student_2815,3815,100.0,45.8,78.8,86.5,95.7,4.7,84.9,4.9,75.7
Student_2816,3816,93.1,83.2,75.8,87.0,87.6,4.5,71.6,10.0,84.2
Student_2817,3817,89.8,65.2,71.8,88.9,59.4,3.3,90.9,5.0,72.8
Student_2818,3818,88.7,77.1,76.0,84.2,70.4,2.5,82.5,9.5,78.5
Student_2819,3819,88.9,60.0,80.8,81.2,80.4,4.8,95.5,6.7,77.6
Student_2820,3820,65.7,71.8,78.2,86.6,81.2,1.4,87.4,6.2,72.9
Student_2821,3821,82.2,75.4,79.6,74.5,63.1,3.6,64.0,7.9,75.6
Student_2822,3822,93.5,78.2,91.1,65.9,89.6,0.2,71.0,9.0,80.1
Student_2823,3823,84.5,61.6,78.2,87.2,86.3,2.0,57.0,5.3,72.4
Student_2824,3824,70.9,89.4,67.2,92.4,82.8,2.7,66.5,6.2,76.5
Student_2825,3825,84.5,67.8,85.6,68.8,91.6,5.6,70.9,8.3,80.3
Student_2826,3826,100.0,54.9,58.6,88.2,82.5,5.0,68.7,7.4,72.5
Student_2827,3827,97.5,73.7,62.0,96.8,82.5,3.2,90.1,8.7,78.6
Student_2828,3828,84.4,75.4,79.0,80.0,93.6,5.1,65.0,7.8,80.9
Student_2829,3829,94.5,76.9,81.2,71.8,89.0,5.3,56.0,9.7,82.8
Student_2830,3830,81.3,91.3,60.1,81.2,69.6,3.8,57.0,7.3,75.3
Student_2831,3831,68.0,72.2,70.4,74.5,84.3,1.9,79.8,7.3,71.2
Student_2832,3832,75.8,73.6,67.7,73.8,71.4,3.7,49.0,7.5,71.1
Student_2833,3833,100.0,61.8,69.2,84.3,83.0,3.9,67.0,6.8,75.1
Student_2834,3834,82.3,84.8,86.3,64.0,82.8,2.2,89.9,8.3,80.6
Student_2835,3835,82.6,77.2,83.5,65.6,64.2,4.6,74.4,7.4,77.5
Student_2836,3836,82.0,70.0,74.8,80.2,76.8,4.4,68.9,8.2,76.1
Student_2837,3837,100.0,52.1,68.4,79.8,80.7,4.7,69.5,8.4,73.7
Student_2838,3838,100.0,92.3,58.8,83.4,73.6,4.4,54.6,7.6,79.4
Student_2839,3839,100.0,60.3,92.0,98.8,81.1,5.1,57.1,7.8,83.0
Student_2840,3840,83.4,67.9,82.1,81.0,86.1,3.7,67.1,5.5,76.5
Student_2841,3841,88.0,79.3,66.5,86.0,77.7,4.3,74.1,6.2,77.1
Student_2842,3842,69.8,60.6,83.6,70.2,80.2,3.4,84.2,8.3,73.3
Student_2843,3843,99.8,57.1,74.2,87.7,91.8,3.1,71.4,9.1,76.9
Student_2844,3844,73.3,49.5,71.6,74.7,82.7,6.0,90.3,4.1,69.5
Student_2845,3845,87.2,83.7,80.2,80.7,80.0,0.9,94.1,6.1,78.8
Student_2846,3846,74.0,68.5,66.1,78.9,68.4,5.3,81.9,7.0,72.4
Student_2847,3847,79.1,100.0,70.9,90.3,84.7,3.1,88.4,5.7,82.5
Student_2848,3848,76.6,63.1,76.5,66.9,81.3,2.9,55.1,5.8,69.8
Student_2849,3849,78.9,63.9,69.0,57.2,90.8,4.4,52.8,7.7,70.7
Student_2850,3850,79.6,68.2,83.0,77.9,78.5,1.8,77.8,9.4,75.8
Student_2851,3851,79.5,77.9,97.4,84.7,59.8,2.8,49.9,4.0,77.5
Student_2852,3852,93.3,69.4,65.9,81.5,61.0,2.7,65.6,6.7,71.4
Student_2853,3853,74.0,82.3,55.0,92.3,85.4,3.7,81.6,7.7,74.9
Student_2854,3854,87.2,63.3,51.0,84.4,72.3,2.8,91.2,8.2,68.9
Student_2855,3855,97.2,58.4,73.2,74.4,82.4,6.4,66.2,7.5,76.7
Student_2856,3856,79.9,53.4,67.0,56.7,79.1,6.7,60.3,9.6,70.2
Student_2857,3857,77.8,48.3,77.5,77.6,76.3,1.0,74.8,7.0,66.8
Student_2858,3858,82.7,68.8,76.6,90.3,77.0,4.8,53.9,9.0,77.5
Student_2859,3859,96.8,71.4,55.8,76.1,69.3,5.3,67.4,6.0,72.5
Student_2860,3860,86.9,67.4,53.2,80.3,77.8,4.8,69.9,7.1,70.9
Student_2861,3861,79.7,89.9,78.6,84.2,72.2,3.0,69.6,5.2,78.8
Student_2862,3862,89.8,89.7,76.6,69.8,74.3,3.6,71.3,8.4,80.8
Student_2863,3863,74.0,71.0,69.9,86.2,74.8,2.9,57.5,6.8,71.6
Student_2864,3864,91.8,53.5,55.1,96.4,75.7,3.4,59.1,7.5,68.2
Student_2865,3865,89.1,68.2,80.7,78.3,87.2,2.2,58.8,6.5,75.5
Student_2866,3866,81.9,67.8,90.3,68.7,76.7,3.8,45.7,7.9,76.5
Student_2867,3867,76.6,67.1,78.3,79.3,88.2,1.7,75.1,7.6,73.8
Student_2868,3868,76.1,66.6,64.8,57.8,93.4,3.7,83.4,5.5,70.0
Student_2869,3869,90.3,67.2,75.5,83.4,86.5,2.1,81.9,5.6,75.2
Student_2870,3870,97.3,70.4,58.6,84.5,83.3,4.3,66.1,7.0,74.8
Student_2871,3871,78.6,67.4,87.7,96.8,81.3,3.0,57.8,8.0,78.2
Student_2872,3872,89.6,77.5,76.0,78.1,86.7,4.4,81.2,9.8,81.7
Student_2873,3873,64.1,79.3,53.8,84.1,78.9,5.6,79.6,7.5,72.5
Student_2874,3874,79.2,64.1,71.4,71.4,87.8,6.4,73.3,8.5,76.0
Student_2875,3875,84.7,90.3,80.6,76.4,84.1,0.2,96.2,4.6,78.8
Student_2876,3876,75.9,63.2,71.0,64.7,74.4,2.7,69.6,10.0,70.0
Student_2877,3877,75.6,55.6,71.7,78.1,87.0,3.5,66.1,7.9,70.4
Student_2878,3878,78.3,79.6,60.3,76.9,78.9,4.7,64.0,6.9,73.6
Student_2879,3879,87.9,65.2,81.8,83.0,76.9,1.5,46.6,6.8,73.2
Student_2880,3880,83.1,78.9,67.2,73.8,73.2,2.5,79.9,5.3,72.9
Student_2881,3881,62.6,46.2,49.1,80.8,79.7,4.2,68.4,5.8,59.8
Student_2882,3882,63.8,91.7,70.5,76.7,88.0,4.1,77.6,9.9,79.5
Student_2883,3883,78.9,83.1,86.8,76.7,86.9,4.6,97.6,5.5,82.9
Student_2884,3884,89.6,57.0,70.4,80.8,81.5,4.7,64.1,5.5,72.1
Student_2885,3885,57.5,57.3,95.9,80.4,84.0,4.5,34.9,5.9,72.6
Student_2886,3886,80.0,95.1,80.1,87.6,90.7,4.3,77.2,5.2,84.3
Student_2887,3887,79.7,66.2,79.1,78.8,76.5,4.1,72.5,7.0,75.0
Student_2888,3888,98.9,65.0,73.5,76.5,66.8,5.0,59.0,8.6,76.0
Student_2889,3889,81.1,47.8,74.2,78.2,91.0,0.6,76.0,6.1,67.1
Student_2890,3890,88.8,70.8,71.8,72.9,72.7,6.3,81.8,4.9,76.4
Student_2891,3891,86.4,72.3,71.4,76.4,71.1,0.7,55.8,7.4,70.8
Student_2892,3892,63.7,83.6,81.4,100.0,60.0,2.4,65.5,6.9,76.0
Student_2893,3893,92.7,58.2,63.8,70.9,83.7,3.7,92.2,8.5,72.3
Student_2894,3894,87.2,56.8,62.1,77.2,61.8,5.0,59.2,6.3,67.9
Student_2895,3895,90.1,80.4,61.5,76.1,70.5,0.0,71.0,6.6,70.5
Student_2896,3896,100.0,87.1,99.5,77.5,83.9,4.0,30.6,6.8,86.7
Student_2897,3897,64.2,56.1,81.4,76.7,85.2,5.2,47.8,7.1,71.3
Student_2898,3898,100.0,88.0,78.7,82.8,71.5,5.5,72.4,6.4,84.4
Student_2899,3899,82.1,75.5,62.3,62.9,76.7,3.0,88.4,6.2,71.3
Student_2900,3900,87.9,88.1,82.5,90.4,69.3,3.5,49.6,4.2,79.9
Student_2901,3901,84.5,74.2,73.6,86.3,72.5,3.1,71.1,6.2,75.3
Student_2902,3902,80.8,44.7,77.6,67.6,80.7,3.4,64.4,8.1,68.2
Student_2903,3903,79.3,73.2,63.3,57.3,73.0,2.5,84.3,8.3,69.9
Student_2904,3904,88.3,87.7,76.9,70.2,75.6,2.7,51.7,6.3,77.4
Student_2905,3905,69.8,64.3,69.9,77.6,63.4,4.7,76.5,8.9,71.1
Student_2906,3906,92.5,70.3,65.8,100.0,89.3,4.2,60.2,7.0,77.5
Student_2907,3907,80.8,72.9,83.8,85.4,83.1,4.7,73.3,5.0,79.1
Student_2908,3908,73.7,40.2,56.5,61.9,85.9,4.3,71.0,4.5,60.1
Student_2909,3909,80.5,95.1,81.8,73.1,90.9,5.1,66.2,8.8,85.5
Student_2910,3910,97.6,64.2,83.2,79.5,69.7,5.3,77.2,6.4,78.8
Student_2911,3911,79.6,81.1,64.4,82.5,74.4,1.4,70.7,5.2,71.6
Student_2912,3912,88.6,74.0,65.2,66.9,59.1,2.7,68.0,4.0,68.7
Student_2913,3913,77.7,90.1,72.3,78.7,100.0,3.7,64.7,6.4,80.2
Student_2914,3914,92.6,79.9,78.4,72.8,76.5,4.0,71.2,7.6,79.7
Student_2915,3915,91.9,72.2,73.2,69.0,88.4,3.0,73.3,6.0,75.7
Student_2916,3916,100.0,64.3,80.2,82.6,65.6,5.4,55.2,5.4,76.8
Student_2917,3917,83.2,84.6,96.2,87.7,88.0,7.0,64.8,6.2,88.6
Student_2918,3918,91.7,52.5,68.9,88.4,96.6,4.3,54.2,8.9,74.1
Student_2919,3919,86.0,82.8,54.4,85.7,77.4,4.1,69.4,4.9,73.6
Student_2920,3920,98.0,61.8,84.9,75.0,67.9,5.3,61.1,6.0,77.0
Student_2921,3921,77.8,90.0,95.2,87.1,76.6,1.2,81.6,8.8,84.1
Student_2922,3922,92.5,76.9,79.7,83.1,55.7,4.0,80.1,7.7,78.7
Student_2923,3923,83.1,82.7,61.9,81.3,77.6,5.5,56.2,7.3,76.4
Student_2924,3924,84.4,76.0,73.5,73.9,86.2,3.0,70.0,6.0,75.6
Student_2925,3925,85.9,54.0,61.6,75.0,77.6,2.2,79.6,7.0,66.7
Student_2926,3926,87.5,64.7,82.7,80.7,75.2,3.7,67.4,6.2,75.7
Student_2927,3927,83.8,83.1,58.8,100.0,83.3,3.9,59.1,5.7,76.0
Student_2928,3928,87.1,77.0,71.4,83.0,84.0,2.6,53.6,5.4,74.8
Student_2929,3929,100.0,89.2,62.9,73.9,61.4,7.1,82.8,8.2,81.9
Student_2930,3930,94.9,79.8,76.5,71.7,78.9,3.3,83.5,6.9,79.3
Student_2931,3931,93.7,63.4,70.6,75.1,100.0,2.3,66.9,7.5,74.4
Student_2932,3932,80.4,65.4,77.1,100.0,64.6,3.9,81.5,7.2,75.7
Student_2933,3933,76.1,76.2,75.3,76.0,77.1,5.4,25.5,7.7,75.1
Student_2934,3934,94.6,47.2,63.2,89.1,97.4,4.0,89.9,6.6,72.3
Student_2935,3935,93.8,95.1,82.5,76.2,89.0,4.7,67.6,6.3,86.3
Student_2936,3936,99.7,80.3,74.4,82.6,72.9,2.7,72.1,5.8,78.4
Student_2937,3937,79.0,89.7,63.1,87.9,80.1,6.2,65.2,4.9,78.8
Student_2938,3938,82.7,56.0,100.0,74.3,78.0,4.8,90.9,5.3,78.6
Student_2939,3939,68.6,89.9,80.7,73.6,70.5,5.6,54.1,6.5,78.9
Student_2940,3940,81.1,100.0,73.2,96.6,77.3,4.5,92.1,4.6,84.3
Student_2941,3941,95.0,59.1,92.0,89.8,75.2,5.2,75.9,4.9,80.0
Student_2942,3942,80.3,84.3,97.1,87.9,79.1,2.7,79.3,8.6,85.0
Student_2943,3943,91.4,75.0,73.3,87.9,70.5,3.3,65.1,7.3,76.9
Student_2944,3944,83.1,56.5,79.2,84.6,65.2,6.0,50.4,6.3,73.1
Student_2945,3945,88.2,80.9,63.1,100.0,77.6,6.3,84.0,10.0,82.5
Student_2946,3946,73.5,85.0,73.2,80.4,95.2,2.3,74.7,4.5,76.5
Student_2947,3947,85.9,67.8,72.6,85.8,78.8,4.4,90.4,8.5,77.6
Student_2948,3948,55.1,89.0,77.2,65.5,74.7,3.4,67.1,6.8,74.0
Student_2949,3949,83.1,55.0,79.0,71.8,85.5,3.0,63.7,8.2,72.0
Student_2950,3950,68.7,57.1,81.7,68.0,76.4,4.4,90.8,7.2,72.0
Student_2951,3951,97.1,76.6,77.9,92.7,96.7,5.7,98.7,4.2,84.9
Student_2952,3952,92.8,75.3,60.5,54.5,78.0,4.7,70.1,7.1,72.8
Student_2953,3953,89.7,66.4,63.7,76.0,85.0,3.5,58.7,7.5,72.3
Student_2954,3954,100.0,84.7,68.4,50.1,70.5,4.8,82.2,4.0,76.2
Student_2955,3955,75.5,81.4,71.6,71.7,83.0,3.5,66.2,9.9,76.7
Student_2956,3956,100.0,85.3,87.6,75.1,80.8,4.6,79.0,7.5,86.2
Student_2957,3957,94.3,73.5,61.0,93.8,77.4,6.1,66.1,8.0,78.2
Student_2958,3958,82.6,82.2,70.7,84.0,73.0,0.9,93.5,5.3,74.4
Student_2959,3959,96.4,69.7,86.4,71.7,71.6,5.2,59.5,8.0,79.9
Student_2960,3960,73.9,99.6,71.4,90.7,80.8,1.7,77.2,8.6,80.9
Student_2961,3961,76.8,65.2,80.5,80.2,84.3,5.8,62.7,7.4,76.9
Student_2962,3962,78.9,100.0,73.3,80.4,76.7,3.0,65.8,7.0,80.6
Student_2963,3963,79.7,75.4,78.1,68.0,80.9,2.2,63.8,5.7,73.4
Student_2964,3964,74.4,58.5,72.3,70.1,77.6,5.0,81.1,6.7,71.0
Student_2965,3965,97.2,91.4,83.0,71.7,79.0,4.5,83.8,6.2,85.0
Student_2966,3966,82.4,76.5,56.5,80.5,76.0,2.5,78.4,7.9,71.6
Student_2967,3967,88.5,85.2,70.6,80.8,78.2,2.1,68.4,5.7,76.6
Student_2968,3968,79.3,89.7,78.6,95.4,100.0,3.7,72.1,7.8,84.7
Student_2969,3969,66.8,79.1,81.4,83.9,81.1,2.2,83.5,5.7,75.9
Student_2970,3970,87.7,67.9,92.9,52.9,84.5,2.4,83.9,6.6,77.0
Student_2971,3971,65.9,86.7,70.3,82.6,82.4,4.2,29.6,7.9,75.2
Student_2972,3972,84.3,75.0,92.8,65.5,75.4,2.6,65.9,5.9,77.6
Student_2973,3973,71.3,83.2,67.1,70.3,90.9,4.6,66.6,8.0,76.3
Student_2974,3974,100.0,49.2,90.9,71.9,75.1,6.2,80.0,7.8,78.8
Student_2975,3975,94.1,80.4,84.8,73.4,88.6,3.8,69.0,6.6,82.2
Student_2976,3976,86.1,67.3,64.0,66.2,74.7,4.2,80.8,8.7,72.3
Student_2977,3977,97.6,94.8,78.7,82.0,68.4,7.0,53.8,7.1,86.4
Student_2978,3978,76.5,82.5,74.4,65.9,81.7,2.2,73.9,8.7,75.8
Student_2979,3979,90.4,77.9,82.5,83.6,67.0,5.8,83.5,9.7,83.5
Student_2980,3980,87.0,80.8,72.3,100.0,83.4,5.6,47.9,6.6,80.9
Student_2981,3981,87.6,63.0,71.3,66.7,66.1,5.3,100.0,8.0,74.4
Student_2982,3982,97.7,94.5,91.4,77.2,74.8,5.9,87.9,6.0,89.7
Student_2983,3983,92.3,98.9,73.8,54.8,63.7,4.4,70.0,5.5,79.5
Student_2984,3984,87.9,79.7,84.9,77.0,100.0,3.1,57.6,6.7,81.4
Student_2985,3985,68.5,94.1,72.3,86.4,61.5,5.6,67.4,5.0,78.1
Student_2986,3986,75.4,68.2,95.0,87.2,78.1,5.7,71.3,5.6,80.6
Student_2987,3987,83.8,65.4,66.9,80.8,89.4,5.7,76.6,7.9,76.1
Student_2988,3988,85.9,75.5,67.6,88.9,88.4,4.1,92.5,6.2,78.3
Student_2989,3989,73.7,80.2,93.3,100.0,86.5,2.9,62.9,8.1,83.2
Student_2990,3990,100.0,70.3,69.7,97.1,74.8,4.3,78.4,7.4,79.1
Student_2991,3991,100.0,81.5,94.2,74.8,91.5,5.4,50.6,9.8,88.4
Student_2992,3992,91.0,78.7,85.7,65.5,87.1,5.5,63.8,7.8,82.6
Student_2993,3993,85.7,63.0,73.1,75.9,80.1,3.4,75.7,8.7,74.0
Student_2994,3994,82.9,81.2,53.2,70.5,80.4,4.5,80.4,7.6,73.4
Student_2995,3995,75.5,85.4,74.8,84.5,75.0,2.0,58.7,7.5,76.0
Student_2996,3996,85.8,77.1,76.2,68.2,68.9,5.5,63.4,8.7,78.0
Student_2997,3997,87.6,88.8,89.0,79.3,90.4,2.8,91.9,8.0,86.0
Student_2998,3998,72.6,60.4,94.1,88.4,91.1,5.2,87.4,7.3,80.6
Student_2999,3999,88.3,80.6,66.8,79.0,69.2,2.3,73.1,7.3,74.5
Student_3000,4000,83.4,61.0,84.6,70.5,76.5,5.5,36.5,7.8,74.8
